{
    "ReFine-FT": {
        "ROC-AUC": [
            0.30730478589420657,
            0.3123425692695214,
            0.3198992443324937,
            0.36272040302267,
            0.40302267002518893,
            0.5088161209068011,
            0.6397984886649875,
            0.8387909319899244,
            0.982367758186398,
            0.9974811083123426
        ],
        "ACC-AUC": 0.5672544080604534,
        "Recall@5": 0.29765607678076195
    },
    "ReFine": {
        "R-0.10": {
            "ROC-AUC": [
                0.30982367758186397,
                0.30982367758186397,
                0.3198992443324937,
                0.380352644836272,
                0.44836272040302266,
                0.6171284634760705,
                0.760705289672544,
                0.929471032745592,
                0.9848866498740554,
                0.9974811083123426
            ],
            "ACC-AUC": 0.6057934508816121
        },
        "R-0.20": {
            "ROC-AUC": [
                0.30730478589420657,
                0.30730478589420657,
                0.3148614609571788,
                0.3853904282115869,
                0.42065491183879095,
                0.6146095717884131,
                0.7531486146095718,
                0.9445843828715366,
                0.9924433249370277,
                1.0
            ],
            "ACC-AUC": 0.6040302267002519
        },
        "R-0.30": {
            "ROC-AUC": [
                0.30730478589420657,
                0.30730478589420657,
                0.3198992443324937,
                0.3954659949622166,
                0.4256926952141058,
                0.6272040302267002,
                0.7632241813602015,
                0.9546599496221663,
                0.9899244332493703,
                0.9974811083123426
            ],
            "ACC-AUC": 0.6088161209068009
        },
        "R-0.40": {
            "ROC-AUC": [
                0.30730478589420657,
                0.30982367758186397,
                0.327455919395466,
                0.3954659949622166,
                0.4256926952141058,
                0.6146095717884131,
                0.7506297229219143,
                0.929471032745592,
                0.982367758186398,
                0.9949622166246851
            ],
            "ACC-AUC": 0.6037783375314862
        },
        "R-0.50": {
            "ROC-AUC": [
                0.30730478589420657,
                0.30730478589420657,
                0.3123425692695214,
                0.3879093198992443,
                0.43073047858942065,
                0.6120906801007556,
                0.760705289672544,
                0.929471032745592,
                0.9874055415617129,
                1.0
            ],
            "ACC-AUC": 0.6035264483627204
        },
        "R-0.60": {
            "ROC-AUC": [
                0.30730478589420657,
                0.30982367758186397,
                0.30982367758186397,
                0.3853904282115869,
                0.4609571788413098,
                0.6246851385390428,
                0.7506297229219143,
                0.9118387909319899,
                0.9924433249370277,
                0.9949622166246851
            ],
            "ACC-AUC": 0.6047858942065492
        },
        "R-0.70": {
            "ROC-AUC": [
                0.30730478589420657,
                0.30730478589420657,
                0.3198992443324937,
                0.37279596977329976,
                0.44080604534005036,
                0.6196473551637279,
                0.760705289672544,
                0.9445843828715366,
                0.9848866498740554,
                0.9974811083123426
            ],
            "ACC-AUC": 0.6055415617128463
        },
        "R-0.80": {
            "ROC-AUC": [
                0.30730478589420657,
                0.30730478589420657,
                0.327455919395466,
                0.3904282115869018,
                0.4433249370277078,
                0.6448362720403022,
                0.7632241813602015,
                0.929471032745592,
                0.9874055415617129,
                0.9974811083123426
            ],
            "ACC-AUC": 0.6098236775818641
        },
        "R-0.90": {
            "ROC-AUC": [
                0.30982367758186397,
                0.30730478589420657,
                0.31738035264483627,
                0.3879093198992443,
                0.4282115869017632,
                0.6574307304785895,
                0.7657430730478589,
                0.9319899244332494,
                0.9899244332493703,
                0.9974811083123426
            ],
            "ACC-AUC": 0.6093198992443324
        },
        "R-1.00": {
            "ROC-AUC": [
                0.30730478589420657,
                0.30982367758186397,
                0.327455919395466,
                0.3904282115869018,
                0.4433249370277078,
                0.6599496221662469,
                0.7506297229219143,
                0.9571788413098237,
                0.9848866498740554,
                0.9974811083123426
            ],
            "ACC-AUC": 0.6128463476070529
        },
        "ROC-AUC": [
            0.30982367758186397,
            0.30730478589420657,
            0.3198992443324937,
            0.3954659949622166,
            0.43073047858942065,
            0.6246851385390428,
            0.760705289672544,
            0.929471032745592,
            0.9899244332493703,
            0.9974811083123426
        ],
        "ACC-AUC": 0.6065491183879093,
        "Recall@5": 0.30140201947506734
    }
}
