{
    "ReFine": {
        "R-0.10": {
            "ROC-AUC": [
                0.3123425692695214,
                0.30982367758186397,
                0.3224181360201511,
                0.40554156171284633,
                0.47103274559193953,
                0.7279596977329975,
                0.8589420654911839,
                0.9546599496221663,
                0.9899244332493703,
                0.9949622166246851
            ],
            "ACC-AUC": 0.6347607052896725
        },
        "R-0.20": {
            "ROC-AUC": [
                0.30982367758186397,
                0.3123425692695214,
                0.327455919395466,
                0.42317380352644834,
                0.48614609571788414,
                0.7052896725440806,
                0.8463476070528967,
                0.9420654911838791,
                0.9899244332493703,
                0.9949622166246851
            ],
            "ACC-AUC": 0.6337531486146096
        },
        "R-0.30": {
            "ROC-AUC": [
                0.30982367758186397,
                0.30982367758186397,
                0.327455919395466,
                0.4005037783375315,
                0.5012594458438288,
                0.7128463476070529,
                0.8387909319899244,
                0.9521410579345088,
                0.9974811083123426,
                0.9974811083123426
            ],
            "ACC-AUC": 0.6347607052896725
        },
        "R-0.40": {
            "ROC-AUC": [
                0.3123425692695214,
                0.3123425692695214,
                0.33753148614609574,
                0.3954659949622166,
                0.48614609571788414,
                0.7304785894206549,
                0.836272040302267,
                0.947103274559194,
                0.9924433249370277,
                0.9949622166246851
            ],
            "ACC-AUC": 0.6345088161209068
        },
        "R-0.50": {
            "ROC-AUC": [
                0.30730478589420657,
                0.30982367758186397,
                0.327455919395466,
                0.40302267002518893,
                0.4987405541561713,
                0.7229219143576826,
                0.8488664987405542,
                0.9596977329974811,
                0.9899244332493703,
                0.9974811083123426
            ],
            "ACC-AUC": 0.6365239294710328
        },
        "R-0.60": {
            "ROC-AUC": [
                0.30730478589420657,
                0.30982367758186397,
                0.3224181360201511,
                0.4005037783375315,
                0.4811083123425693,
                0.7128463476070529,
                0.8488664987405542,
                0.9571788413098237,
                0.9949622166246851,
                0.9949622166246851
            ],
            "ACC-AUC": 0.6329974811083124
        },
        "R-0.70": {
            "ROC-AUC": [
                0.30982367758186397,
                0.30982367758186397,
                0.3249370277078086,
                0.4080604534005038,
                0.48614609571788414,
                0.7052896725440806,
                0.836272040302267,
                0.9622166246851386,
                0.9949622166246851,
                0.9974811083123426
            ],
            "ACC-AUC": 0.6335012594458439
        },
        "R-0.80": {
            "ROC-AUC": [
                0.30730478589420657,
                0.30982367758186397,
                0.3249370277078086,
                0.3979848866498741,
                0.5012594458438288,
                0.7204030226700252,
                0.8488664987405542,
                0.9622166246851386,
                0.9974811083123426,
                0.9949622166246851
            ],
            "ACC-AUC": 0.6365239294710328
        },
        "R-0.90": {
            "ROC-AUC": [
                0.30730478589420657,
                0.30730478589420657,
                0.327455919395466,
                0.3954659949622166,
                0.47858942065491183,
                0.7531486146095718,
                0.8287153652392947,
                0.9496221662468514,
                0.9949622166246851,
                1.0
            ],
            "ACC-AUC": 0.6342569269521411
        },
        "R-1.00": {
            "ROC-AUC": [
                0.30730478589420657,
                0.30730478589420657,
                0.327455919395466,
                0.40302267002518893,
                0.5062972292191436,
                0.7405541561712846,
                0.8765743073047859,
                0.9571788413098237,
                0.9949622166246851,
                1.0
            ],
            "ACC-AUC": 0.6420654911838791
        },
        "ROC-AUC": [
            0.3123425692695214,
            0.3123425692695214,
            0.327455919395466,
            0.3954659949622166,
            0.4987405541561713,
            0.7128463476070529,
            0.836272040302267,
            0.9622166246851386,
            0.9949622166246851,
            1.0
        ],
        "ACC-AUC": 0.6352644836272041
    }
}