{
    "ReFine": {
        "R-0.10": {
            "ROC-AUC": [
                0.30982367758186397,
                0.30982367758186397,
                0.3224181360201511,
                0.36523929471032746,
                0.47103274559193953,
                0.6347607052896725,
                0.7556675062972292,
                0.9168765743073047,
                0.9924433249370277,
                1.0
            ],
            "ACC-AUC": 0.6078085642317381
        },
        "R-0.20": {
            "ROC-AUC": [
                0.30730478589420657,
                0.30730478589420657,
                0.32997481108312343,
                0.37279596977329976,
                0.4534005037783375,
                0.6322418136020151,
                0.7758186397984886,
                0.9168765743073047,
                0.9874055415617129,
                0.9949622166246851
            ],
            "ACC-AUC": 0.607808564231738
        },
        "R-0.30": {
            "ROC-AUC": [
                0.30730478589420657,
                0.30730478589420657,
                0.3350125944584383,
                0.38287153652392947,
                0.4634760705289673,
                0.6196473551637279,
                0.7581863979848866,
                0.9269521410579346,
                1.0,
                1.0
            ],
            "ACC-AUC": 0.6100755667506297
        },
        "R-0.40": {
            "ROC-AUC": [
                0.30730478589420657,
                0.30730478589420657,
                0.3249370277078086,
                0.3853904282115869,
                0.4433249370277078,
                0.6372795969773299,
                0.7657430730478589,
                0.9118387909319899,
                0.9924433249370277,
                0.9974811083123426
            ],
            "ACC-AUC": 0.6073047858942067
        },
        "R-0.50": {
            "ROC-AUC": [
                0.30730478589420657,
                0.30982367758186397,
                0.33249370277078083,
                0.35768261964735515,
                0.45591939546599497,
                0.6423173803526449,
                0.7506297229219143,
                0.9118387909319899,
                0.9874055415617129,
                0.9974811083123426
            ],
            "ACC-AUC": 0.6052896725440806
        },
        "R-0.60": {
            "ROC-AUC": [
                0.30730478589420657,
                0.30730478589420657,
                0.327455919395466,
                0.3778337531486146,
                0.4760705289672544,
                0.6372795969773299,
                0.7657430730478589,
                0.9118387909319899,
                0.9924433249370277,
                1.0
            ],
            "ACC-AUC": 0.6103274559193956
        },
        "R-0.70": {
            "ROC-AUC": [
                0.30982367758186397,
                0.30982367758186397,
                0.32997481108312343,
                0.37279596977329976,
                0.4836272040302267,
                0.6473551637279596,
                0.743073047858942,
                0.924433249370277,
                0.9798488664987406,
                1.0
            ],
            "ACC-AUC": 0.6100755667506298
        },
        "R-0.80": {
            "ROC-AUC": [
                0.30730478589420657,
                0.3123425692695214,
                0.3249370277078086,
                0.37279596977329976,
                0.4634760705289673,
                0.6347607052896725,
                0.8110831234256927,
                0.9143576826196473,
                0.9899244332493703,
                0.9974811083123426
            ],
            "ACC-AUC": 0.6128463476070529
        },
        "R-0.90": {
            "ROC-AUC": [
                0.30730478589420657,
                0.30982367758186397,
                0.3249370277078086,
                0.36272040302267,
                0.4508816120906801,
                0.6876574307304786,
                0.801007556675063,
                0.929471032745592,
                0.9924433249370277,
                0.9974811083123426
            ],
            "ACC-AUC": 0.6163727959697735
        },
        "R-1.00": {
            "ROC-AUC": [
                0.30730478589420657,
                0.30730478589420657,
                0.3224181360201511,
                0.36523929471032746,
                0.45591939546599497,
                0.6926952141057935,
                0.818639798488665,
                0.9345088161209067,
                0.9949622166246851,
                1.0
            ],
            "ACC-AUC": 0.6198992443324938
        },
        "ROC-AUC": [
            0.30982367758186397,
            0.30730478589420657,
            0.3350125944584383,
            0.3853904282115869,
            0.45591939546599497,
            0.6372795969773299,
            0.743073047858942,
            0.9143576826196473,
            0.9924433249370277,
            1.0
        ],
        "ACC-AUC": 0.6080604534005039
    }
}