{
    "ReFine": {
        "R-0.10": {
            "ROC-AUC": [
                0.30730478589420657,
                0.30982367758186397,
                0.33753148614609574,
                0.35516372795969775,
                0.4508816120906801,
                0.5994962216624685,
                0.760705289672544,
                0.8992443324937027,
                0.9848866498740554,
                1.0
            ],
            "ACC-AUC": 0.6005037783375314
        },
        "R-0.20": {
            "ROC-AUC": [
                0.30730478589420657,
                0.30982367758186397,
                0.3224181360201511,
                0.35768261964735515,
                0.4357682619647355,
                0.5944584382871536,
                0.7481108312342569,
                0.9042821158690176,
                0.9798488664987406,
                0.9974811083123426
            ],
            "ACC-AUC": 0.5957178841309825
        },
        "R-0.30": {
            "ROC-AUC": [
                0.30982367758186397,
                0.30730478589420657,
                0.33249370277078083,
                0.3677581863979849,
                0.43073047858942065,
                0.6120906801007556,
                0.7229219143576826,
                0.9093198992443325,
                0.982367758186398,
                1.0
            ],
            "ACC-AUC": 0.5974811083123426
        },
        "R-0.40": {
            "ROC-AUC": [
                0.3123425692695214,
                0.30982367758186397,
                0.327455919395466,
                0.36523929471032746,
                0.4534005037783375,
                0.6146095717884131,
                0.7481108312342569,
                0.9168765743073047,
                0.9874055415617129,
                0.9924433249370277
            ],
            "ACC-AUC": 0.6027707808564232
        },
        "R-0.50": {
            "ROC-AUC": [
                0.30730478589420657,
                0.30730478589420657,
                0.32997481108312343,
                0.36523929471032746,
                0.4433249370277078,
                0.5894206549118388,
                0.7481108312342569,
                0.9219143576826196,
                0.982367758186398,
                1.0
            ],
            "ACC-AUC": 0.5994962216624685
        },
        "R-0.60": {
            "ROC-AUC": [
                0.30982367758186397,
                0.30730478589420657,
                0.327455919395466,
                0.3677581863979849,
                0.45591939546599497,
                0.6070528967254408,
                0.7556675062972292,
                0.9143576826196473,
                0.9874055415617129,
                1.0
            ],
            "ACC-AUC": 0.6032745591939547
        },
        "R-0.70": {
            "ROC-AUC": [
                0.30730478589420657,
                0.3123425692695214,
                0.327455919395466,
                0.3702770780856423,
                0.44836272040302266,
                0.6221662468513854,
                0.7204030226700252,
                0.8841309823677582,
                0.9798488664987406,
                1.0
            ],
            "ACC-AUC": 0.5972292191435769
        },
        "R-0.80": {
            "ROC-AUC": [
                0.3148614609571788,
                0.30730478589420657,
                0.3224181360201511,
                0.3602015113350126,
                0.45843828715365237,
                0.6120906801007556,
                0.760705289672544,
                0.906801007556675,
                0.9773299748110831,
                0.9924433249370277
            ],
            "ACC-AUC": 0.6012594458438286
        },
        "R-0.90": {
            "ROC-AUC": [
                0.30730478589420657,
                0.30982367758186397,
                0.3198992443324937,
                0.3602015113350126,
                0.4609571788413098,
                0.6196473551637279,
                0.7531486146095718,
                0.906801007556675,
                0.9899244332493703,
                0.9974811083123426
            ],
            "ACC-AUC": 0.6025188916876574
        },
        "R-1.00": {
            "ROC-AUC": [
                0.3123425692695214,
                0.30730478589420657,
                0.3148614609571788,
                0.34760705289672544,
                0.4433249370277078,
                0.6246851385390428,
                0.7783375314861462,
                0.9319899244332494,
                0.9848866498740554,
                1.0
            ],
            "ACC-AUC": 0.6045340050377834
        },
        "ROC-AUC": [
            0.30730478589420657,
            0.30982367758186397,
            0.33249370277078083,
            0.36523929471032746,
            0.4433249370277078,
            0.6070528967254408,
            0.7204030226700252,
            0.906801007556675,
            0.9899244332493703,
            1.0
        ],
        "ACC-AUC": 0.5982367758186398
    }
}