{
    "ReFine": {
        "R-0.10": {
            "ROC-AUC": [
                0.30730478589420657,
                0.3123425692695214,
                0.3198992443324937,
                0.3526448362720403,
                0.4181360201511335,
                0.4659949622166247,
                0.6020151133501259,
                0.8513853904282116,
                0.9798488664987406,
                0.9924433249370277
            ],
            "ACC-AUC": 0.5602015113350125
        },
        "R-0.20": {
            "ROC-AUC": [
                0.30730478589420657,
                0.30730478589420657,
                0.3198992443324937,
                0.36272040302267,
                0.42065491183879095,
                0.47103274559193953,
                0.6397984886649875,
                0.8614609571788413,
                0.9874055415617129,
                0.9974811083123426
            ],
            "ACC-AUC": 0.5675062972292191
        },
        "R-0.30": {
            "ROC-AUC": [
                0.30730478589420657,
                0.30730478589420657,
                0.3198992443324937,
                0.3526448362720403,
                0.4181360201511335,
                0.4836272040302267,
                0.6221662468513854,
                0.8639798488664987,
                0.982367758186398,
                1.0
            ],
            "ACC-AUC": 0.565743073047859
        },
        "R-0.40": {
            "ROC-AUC": [
                0.30730478589420657,
                0.30730478589420657,
                0.31738035264483627,
                0.35768261964735515,
                0.43073047858942065,
                0.491183879093199,
                0.6246851385390428,
                0.8513853904282116,
                0.982367758186398,
                0.9974811083123426
            ],
            "ACC-AUC": 0.5667506297229219
        },
        "R-0.50": {
            "ROC-AUC": [
                0.30730478589420657,
                0.30730478589420657,
                0.31738035264483627,
                0.3526448362720403,
                0.42317380352644834,
                0.4634760705289673,
                0.6272040302267002,
                0.8639798488664987,
                0.9874055415617129,
                1.0
            ],
            "ACC-AUC": 0.5649874055415617
        },
        "R-0.60": {
            "ROC-AUC": [
                0.30730478589420657,
                0.30730478589420657,
                0.31738035264483627,
                0.3526448362720403,
                0.4282115869017632,
                0.4836272040302267,
                0.6095717884130982,
                0.871536523929471,
                0.9899244332493703,
                0.9949622166246851
            ],
            "ACC-AUC": 0.5662468513853904
        },
        "R-0.70": {
            "ROC-AUC": [
                0.30730478589420657,
                0.30982367758186397,
                0.3249370277078086,
                0.3501259445843829,
                0.40302267002518893,
                0.47858942065491183,
                0.6448362720403022,
                0.8664987405541562,
                0.9848866498740554,
                0.9974811083123426
            ],
            "ACC-AUC": 0.5667506297229219
        },
        "R-0.80": {
            "ROC-AUC": [
                0.30730478589420657,
                0.30730478589420657,
                0.3123425692695214,
                0.3702770780856423,
                0.42065491183879095,
                0.491183879093199,
                0.6473551637279596,
                0.871536523929471,
                0.982367758186398,
                0.9949622166246851
            ],
            "ACC-AUC": 0.570528967254408
        },
        "R-0.90": {
            "ROC-AUC": [
                0.30730478589420657,
                0.30982367758186397,
                0.31738035264483627,
                0.35768261964735515,
                0.4080604534005038,
                0.5088161209068011,
                0.6372795969773299,
                0.8690176322418136,
                0.982367758186398,
                0.9974811083123426
            ],
            "ACC-AUC": 0.5695214105793451
        },
        "R-1.00": {
            "ROC-AUC": [
                0.30982367758186397,
                0.3123425692695214,
                0.30730478589420657,
                0.34005037783375314,
                0.3979848866498741,
                0.5062972292191436,
                0.6322418136020151,
                0.8790931989924433,
                0.9899244332493703,
                0.9974811083123426
            ],
            "ACC-AUC": 0.5672544080604534
        },
        "ROC-AUC": [
            0.30730478589420657,
            0.30730478589420657,
            0.3198992443324937,
            0.35768261964735515,
            0.42317380352644834,
            0.4836272040302267,
            0.6448362720403022,
            0.871536523929471,
            0.982367758186398,
            0.9974811083123426
        ],
        "ACC-AUC": 0.5695214105793451
    }
}