{
    "ReFine": {
        "R-0.10": {
            "ROC-AUC": [
                0.30982367758186397,
                0.30982367758186397,
                0.3198992443324937,
                0.3501259445843829,
                0.4256926952141058,
                0.491183879093199,
                0.6347607052896725,
                0.8488664987405542,
                0.9848866498740554,
                0.9949622166246851
            ],
            "ACC-AUC": 0.5670025188916877
        },
        "R-0.20": {
            "ROC-AUC": [
                0.30730478589420657,
                0.30982367758186397,
                0.3123425692695214,
                0.35516372795969775,
                0.42065491183879095,
                0.4659949622166247,
                0.5994962216624685,
                0.8639798488664987,
                0.9848866498740554,
                0.9974811083123426
            ],
            "ACC-AUC": 0.561712846347607
        },
        "R-0.30": {
            "ROC-AUC": [
                0.30730478589420657,
                0.30982367758186397,
                0.31738035264483627,
                0.35516372795969775,
                0.4357682619647355,
                0.48866498740554154,
                0.5894206549118388,
                0.8639798488664987,
                0.9874055415617129,
                0.9974811083123426
            ],
            "ACC-AUC": 0.5652392947103275
        },
        "R-0.40": {
            "ROC-AUC": [
                0.30730478589420657,
                0.30982367758186397,
                0.3224181360201511,
                0.34760705289672544,
                0.40302267002518893,
                0.473551637279597,
                0.6120906801007556,
                0.853904282115869,
                0.9848866498740554,
                1.0
            ],
            "ACC-AUC": 0.5614609571788414
        },
        "R-0.50": {
            "ROC-AUC": [
                0.30730478589420657,
                0.3123425692695214,
                0.31738035264483627,
                0.345088161209068,
                0.41309823677581864,
                0.4836272040302267,
                0.6221662468513854,
                0.8841309823677582,
                0.9848866498740554,
                0.9949622166246851
            ],
            "ACC-AUC": 0.5664987405541562
        },
        "R-0.60": {
            "ROC-AUC": [
                0.30730478589420657,
                0.30730478589420657,
                0.3148614609571788,
                0.3501259445843829,
                0.43073047858942065,
                0.47858942065491183,
                0.6070528967254408,
                0.8765743073047859,
                0.9874055415617129,
                0.9949622166246851
            ],
            "ACC-AUC": 0.5654911838790933
        },
        "R-0.70": {
            "ROC-AUC": [
                0.30730478589420657,
                0.30982367758186397,
                0.31738035264483627,
                0.35768261964735515,
                0.42317380352644834,
                0.4836272040302267,
                0.6397984886649875,
                0.871536523929471,
                0.9924433249370277,
                0.9924433249370277
            ],
            "ACC-AUC": 0.5695214105793452
        },
        "R-0.80": {
            "ROC-AUC": [
                0.30730478589420657,
                0.3123425692695214,
                0.31738035264483627,
                0.3501259445843829,
                0.41309823677581864,
                0.47858942065491183,
                0.6095717884130982,
                0.853904282115869,
                0.982367758186398,
                1.0
            ],
            "ACC-AUC": 0.5624685138539043
        },
        "R-0.90": {
            "ROC-AUC": [
                0.30730478589420657,
                0.3123425692695214,
                0.31738035264483627,
                0.35516372795969775,
                0.4156171284634761,
                0.4811083123425693,
                0.6171284634760705,
                0.8639798488664987,
                0.9848866498740554,
                0.9949622166246851
            ],
            "ACC-AUC": 0.5649874055415618
        },
        "R-1.00": {
            "ROC-AUC": [
                0.3123425692695214,
                0.3123425692695214,
                0.30982367758186397,
                0.34005037783375314,
                0.3853904282115869,
                0.4811083123425693,
                0.6498740554156172,
                0.8463476070528967,
                0.9848866498740554,
                0.9974811083123426
            ],
            "ACC-AUC": 0.5619647355163728
        },
        "ROC-AUC": [
            0.30982367758186397,
            0.30982367758186397,
            0.31738035264483627,
            0.34760705289672544,
            0.41309823677581864,
            0.47858942065491183,
            0.6397984886649875,
            0.853904282115869,
            0.9848866498740554,
            0.9974811083123426
        ],
        "ACC-AUC": 0.5652392947103275
    }
}