{
    "ReFine": {
        "R-0.10": {
            "ROC-AUC": [
                0.30730478589420657,
                0.30982367758186397,
                0.3198992443324937,
                0.3954659949622166,
                0.4508816120906801,
                0.654911838790932,
                0.8312342569269522,
                0.964735516372796,
                0.9949622166246851,
                1.0
            ],
            "ACC-AUC": 0.6229219143576826
        },
        "R-0.20": {
            "ROC-AUC": [
                0.30730478589420657,
                0.3123425692695214,
                0.327455919395466,
                0.3879093198992443,
                0.4433249370277078,
                0.6523929471032746,
                0.8060453400503779,
                0.9622166246851386,
                0.9924433249370277,
                0.9949622166246851
            ],
            "ACC-AUC": 0.618639798488665
        },
        "R-0.30": {
            "ROC-AUC": [
                0.30982367758186397,
                0.30730478589420657,
                0.327455919395466,
                0.3778337531486146,
                0.473551637279597,
                0.6423173803526449,
                0.818639798488665,
                0.9521410579345088,
                0.9949622166246851,
                0.9949622166246851
            ],
            "ACC-AUC": 0.6198992443324938
        },
        "R-0.40": {
            "ROC-AUC": [
                0.30982367758186397,
                0.30982367758186397,
                0.33249370277078083,
                0.38287153652392947,
                0.4811083123425693,
                0.6297229219143576,
                0.8085642317380353,
                0.9596977329974811,
                0.9924433249370277,
                0.9924433249370277
            ],
            "ACC-AUC": 0.6198992443324938
        },
        "R-0.50": {
            "ROC-AUC": [
                0.30730478589420657,
                0.30730478589420657,
                0.3224181360201511,
                0.4005037783375315,
                0.45591939546599497,
                0.6498740554156172,
                0.8161209068010076,
                0.9571788413098237,
                0.9899244332493703,
                0.9924433249370277
            ],
            "ACC-AUC": 0.6198992443324937
        },
        "R-0.60": {
            "ROC-AUC": [
                0.30730478589420657,
                0.30730478589420657,
                0.3249370277078086,
                0.3778337531486146,
                0.47103274559193953,
                0.6372795969773299,
                0.8085642317380353,
                0.9445843828715366,
                0.9949622166246851,
                0.9974811083123426
            ],
            "ACC-AUC": 0.6171284634760706
        },
        "R-0.70": {
            "ROC-AUC": [
                0.30730478589420657,
                0.3148614609571788,
                0.31738035264483627,
                0.4005037783375315,
                0.4609571788413098,
                0.6574307304785895,
                0.8110831234256927,
                0.9622166246851386,
                0.9899244332493703,
                1.0
            ],
            "ACC-AUC": 0.6221662468513853
        },
        "R-0.80": {
            "ROC-AUC": [
                0.30730478589420657,
                0.30982367758186397,
                0.3224181360201511,
                0.37279596977329976,
                0.47858942065491183,
                0.6775818639798489,
                0.8110831234256927,
                0.9622166246851386,
                0.9924433249370277,
                0.9949622166246851
            ],
            "ACC-AUC": 0.6229219143576827
        },
        "R-0.90": {
            "ROC-AUC": [
                0.30730478589420657,
                0.30730478589420657,
                0.3224181360201511,
                0.4005037783375315,
                0.5012594458438288,
                0.654911838790932,
                0.8236775818639799,
                0.9622166246851386,
                0.9848866498740554,
                0.9974811083123426
            ],
            "ACC-AUC": 0.6261964735516373
        },
        "R-1.00": {
            "ROC-AUC": [
                0.30982367758186397,
                0.30730478589420657,
                0.31738035264483627,
                0.35768261964735515,
                0.4634760705289673,
                0.6473551637279596,
                0.8236775818639799,
                0.964735516372796,
                0.9924433249370277,
                0.9974811083123426
            ],
            "ACC-AUC": 0.6181360201511336
        },
        "ROC-AUC": [
            0.30730478589420657,
            0.3123425692695214,
            0.327455919395466,
            0.38287153652392947,
            0.45591939546599497,
            0.6372795969773299,
            0.8110831234256927,
            0.9622166246851386,
            0.9848866498740554,
            0.9974811083123426
        ],
        "ACC-AUC": 0.6178841309823678
    }
}