{
    "ReFine": {
        "R-0.10": {
            "ROC-AUC": [
                0.30730478589420657,
                0.30730478589420657,
                0.3224181360201511,
                0.3677581863979849,
                0.4836272040302267,
                0.6624685138539043,
                0.8211586901763224,
                0.947103274559194,
                1.0,
                1.0
            ],
            "ACC-AUC": 0.6219143576826196
        },
        "R-0.20": {
            "ROC-AUC": [
                0.3022670025188917,
                0.3047858942065491,
                0.327455919395466,
                0.38287153652392947,
                0.473551637279597,
                0.6448362720403022,
                0.836272040302267,
                0.9395465994962217,
                0.9974811083123426,
                0.9924433249370277
            ],
            "ACC-AUC": 0.6201511335012595
        },
        "R-0.30": {
            "ROC-AUC": [
                0.30730478589420657,
                0.3148614609571788,
                0.3198992443324937,
                0.3979848866498741,
                0.45591939546599497,
                0.6448362720403022,
                0.783375314861461,
                0.964735516372796,
                0.9974811083123426,
                0.9899244332493703
            ],
            "ACC-AUC": 0.617632241813602
        },
        "R-0.40": {
            "ROC-AUC": [
                0.30730478589420657,
                0.30730478589420657,
                0.32997481108312343,
                0.380352644836272,
                0.4760705289672544,
                0.6448362720403022,
                0.8236775818639799,
                0.9672544080604534,
                1.0,
                0.9924433249370277
            ],
            "ACC-AUC": 0.6229219143576825
        },
        "R-0.50": {
            "ROC-AUC": [
                0.30982367758186397,
                0.30982367758186397,
                0.3224181360201511,
                0.37279596977329976,
                0.4760705289672544,
                0.672544080604534,
                0.7934508816120907,
                0.9345088161209067,
                0.9974811083123426,
                0.9949622166246851
            ],
            "ACC-AUC": 0.6183879093198993
        },
        "R-0.60": {
            "ROC-AUC": [
                0.30730478589420657,
                0.30982367758186397,
                0.3249370277078086,
                0.3904282115869018,
                0.4609571788413098,
                0.6750629722921915,
                0.818639798488665,
                0.9546599496221663,
                0.9974811083123426,
                0.9949622166246851
            ],
            "ACC-AUC": 0.6234256926952141
        },
        "R-0.70": {
            "ROC-AUC": [
                0.30730478589420657,
                0.30730478589420657,
                0.33249370277078083,
                0.37531486146095716,
                0.49370277078085645,
                0.6801007556675063,
                0.801007556675063,
                0.9596977329974811,
                1.0,
                0.9949622166246851
            ],
            "ACC-AUC": 0.6251889168765743
        },
        "R-0.80": {
            "ROC-AUC": [
                0.3047858942065491,
                0.30982367758186397,
                0.3249370277078086,
                0.3778337531486146,
                0.491183879093199,
                0.6851385390428212,
                0.8261964735516373,
                0.9521410579345088,
                1.0,
                0.9949622166246851
            ],
            "ACC-AUC": 0.6267002518891688
        },
        "R-0.90": {
            "ROC-AUC": [
                0.30730478589420657,
                0.30982367758186397,
                0.31738035264483627,
                0.3853904282115869,
                0.49370277078085645,
                0.7027707808564232,
                0.8136020151133502,
                0.9596977329974811,
                0.9949622166246851,
                0.9949622166246851
            ],
            "ACC-AUC": 0.6279596977329975
        },
        "R-1.00": {
            "ROC-AUC": [
                0.3047858942065491,
                0.30730478589420657,
                0.3224181360201511,
                0.380352644836272,
                0.48866498740554154,
                0.707808564231738,
                0.8589420654911839,
                0.9622166246851386,
                0.9974811083123426,
                0.9974811083123426
            ],
            "ACC-AUC": 0.6327455919395466
        },
        "ROC-AUC": [
            0.30730478589420657,
            0.3047858942065491,
            0.3198992443324937,
            0.380352644836272,
            0.4760705289672544,
            0.6750629722921915,
            0.801007556675063,
            0.9521410579345088,
            0.9949622166246851,
            0.9974811083123426
        ],
        "ACC-AUC": 0.6209068010075567
    }
}