{
    "ReFine-FT": {
        "ROC-AUC": [
            0.30730478589420657,
            0.30982367758186397,
            0.30730478589420657,
            0.327455919395466,
            0.33249370277078083,
            0.4181360201511335,
            0.5541561712846348,
            0.7858942065491183,
            0.9874055415617129,
            0.9949622166246851
        ],
        "ACC-AUC": 0.5324937027707809,
        "Recall@5": 0.28829137906593827
    },
    "ReFine": {
        "R-0.10": {
            "ROC-AUC": [
                0.30730478589420657,
                0.30982367758186397,
                0.3148614609571788,
                0.3526448362720403,
                0.4156171284634761,
                0.4836272040302267,
                0.6221662468513854,
                0.8690176322418136,
                0.9899244332493703,
                1.0
            ],
            "ACC-AUC": 0.5664987405541562
        },
        "R-0.20": {
            "ROC-AUC": [
                0.30730478589420657,
                0.3123425692695214,
                0.31738035264483627,
                0.35768261964735515,
                0.41309823677581864,
                0.46851385390428213,
                0.6095717884130982,
                0.8740554156171285,
                0.9899244332493703,
                1.0
            ],
            "ACC-AUC": 0.5649874055415618
        },
        "R-0.30": {
            "ROC-AUC": [
                0.30730478589420657,
                0.30730478589420657,
                0.32997481108312343,
                0.3602015113350126,
                0.42065491183879095,
                0.473551637279597,
                0.6196473551637279,
                0.8740554156171285,
                0.9924433249370277,
                0.9949622166246851
            ],
            "ACC-AUC": 0.5680100755667506
        },
        "R-0.40": {
            "ROC-AUC": [
                0.30730478589420657,
                0.30982367758186397,
                0.3123425692695214,
                0.3602015113350126,
                0.4156171284634761,
                0.473551637279597,
                0.6272040302267002,
                0.8740554156171285,
                0.982367758186398,
                1.0
            ],
            "ACC-AUC": 0.5662468513853904
        },
        "R-0.50": {
            "ROC-AUC": [
                0.30730478589420657,
                0.30730478589420657,
                0.3224181360201511,
                0.35768261964735515,
                0.42317380352644834,
                0.4760705289672544,
                0.6221662468513854,
                0.8614609571788413,
                0.9899244332493703,
                1.0
            ],
            "ACC-AUC": 0.5667506297229219
        },
        "R-0.60": {
            "ROC-AUC": [
                0.30730478589420657,
                0.30982367758186397,
                0.31738035264483627,
                0.35516372795969775,
                0.4105793450881612,
                0.4760705289672544,
                0.6221662468513854,
                0.8488664987405542,
                0.9848866498740554,
                0.9924433249370277
            ],
            "ACC-AUC": 0.5624685138539043
        },
        "R-0.70": {
            "ROC-AUC": [
                0.30730478589420657,
                0.30730478589420657,
                0.32997481108312343,
                0.3526448362720403,
                0.43073047858942065,
                0.47103274559193953,
                0.6297229219143576,
                0.8690176322418136,
                0.9874055415617129,
                0.9974811083123426
            ],
            "ACC-AUC": 0.5682619647355164
        },
        "R-0.80": {
            "ROC-AUC": [
                0.30730478589420657,
                0.3123425692695214,
                0.31738035264483627,
                0.3526448362720403,
                0.43073047858942065,
                0.47858942065491183,
                0.6272040302267002,
                0.8614609571788413,
                0.9874055415617129,
                0.9974811083123426
            ],
            "ACC-AUC": 0.5672544080604534
        },
        "R-0.90": {
            "ROC-AUC": [
                0.30730478589420657,
                0.30730478589420657,
                0.3198992443324937,
                0.3501259445843829,
                0.4357682619647355,
                0.4987405541561713,
                0.6297229219143576,
                0.8690176322418136,
                0.9924433249370277,
                0.9974811083123426
            ],
            "ACC-AUC": 0.5707808564231739
        },
        "R-1.00": {
            "ROC-AUC": [
                0.30730478589420657,
                0.30982367758186397,
                0.3123425692695214,
                0.34005037783375314,
                0.4105793450881612,
                0.473551637279597,
                0.6196473551637279,
                0.8690176322418136,
                0.9798488664987406,
                1.0
            ],
            "ACC-AUC": 0.5622166246851386
        },
        "ROC-AUC": [
            0.30730478589420657,
            0.3123425692695214,
            0.32997481108312343,
            0.3602015113350126,
            0.42317380352644834,
            0.4760705289672544,
            0.6297229219143576,
            0.8614609571788413,
            0.9924433249370277,
            1.0
        ],
        "ACC-AUC": 0.5692695214105793,
        "Recall@5": 0.2951868450609005
    }
}