{
    "ReFine-FT": {
        "ROC-AUC": [
            0.30730478589420657,
            0.30730478589420657,
            0.31738035264483627,
            0.3198992443324937,
            0.327455919395466,
            0.3954659949622166,
            0.5365239294710328,
            0.7858942065491183,
            0.9798488664987406,
            0.9974811083123426
        ],
        "ACC-AUC": 0.527455919395466,
        "Recall@5": 0.2883753421221935
    },
    "ReFine": {
        "R-0.10": {
            "ROC-AUC": [
                0.30982367758186397,
                0.30730478589420657,
                0.3198992443324937,
                0.35516372795969775,
                0.4181360201511335,
                0.4811083123425693,
                0.6322418136020151,
                0.8488664987405542,
                0.9848866498740554,
                0.9949622166246851
            ],
            "ACC-AUC": 0.5652392947103275
        },
        "R-0.20": {
            "ROC-AUC": [
                0.30730478589420657,
                0.30730478589420657,
                0.31738035264483627,
                0.36272040302267,
                0.4332493702770781,
                0.5113350125944585,
                0.6297229219143576,
                0.853904282115869,
                0.9848866498740554,
                1.0
            ],
            "ACC-AUC": 0.5707808564231739
        },
        "R-0.30": {
            "ROC-AUC": [
                0.30730478589420657,
                0.30730478589420657,
                0.3148614609571788,
                0.36272040302267,
                0.42317380352644834,
                0.5113350125944585,
                0.6171284634760705,
                0.8564231738035264,
                0.982367758186398,
                0.9974811083123426
            ],
            "ACC-AUC": 0.5680100755667505
        },
        "R-0.40": {
            "ROC-AUC": [
                0.30730478589420657,
                0.30730478589420657,
                0.30730478589420657,
                0.3526448362720403,
                0.4282115869017632,
                0.4987405541561713,
                0.6246851385390428,
                0.8513853904282116,
                0.9798488664987406,
                1.0
            ],
            "ACC-AUC": 0.565743073047859
        },
        "R-0.50": {
            "ROC-AUC": [
                0.30730478589420657,
                0.30730478589420657,
                0.3224181360201511,
                0.36272040302267,
                0.41309823677581864,
                0.48866498740554154,
                0.6272040302267002,
                0.8614609571788413,
                0.982367758186398,
                0.9974811083123426
            ],
            "ACC-AUC": 0.5670025188916876
        },
        "R-0.60": {
            "ROC-AUC": [
                0.30730478589420657,
                0.30982367758186397,
                0.3148614609571788,
                0.35768261964735515,
                0.4156171284634761,
                0.47103274559193953,
                0.5944584382871536,
                0.8589420654911839,
                0.982367758186398,
                0.9974811083123426
            ],
            "ACC-AUC": 0.5609571788413098
        },
        "R-0.70": {
            "ROC-AUC": [
                0.30730478589420657,
                0.30730478589420657,
                0.3148614609571788,
                0.3526448362720403,
                0.40302267002518893,
                0.491183879093199,
                0.6221662468513854,
                0.8463476070528967,
                0.9874055415617129,
                0.9974811083123426
            ],
            "ACC-AUC": 0.5629722921914357
        },
        "R-0.80": {
            "ROC-AUC": [
                0.30730478589420657,
                0.30730478589420657,
                0.3123425692695214,
                0.3501259445843829,
                0.4181360201511335,
                0.4760705289672544,
                0.6322418136020151,
                0.8513853904282116,
                0.9773299748110831,
                0.9974811083123426
            ],
            "ACC-AUC": 0.5629722921914357
        },
        "R-0.90": {
            "ROC-AUC": [
                0.30730478589420657,
                0.30982367758186397,
                0.3224181360201511,
                0.3526448362720403,
                0.42065491183879095,
                0.491183879093199,
                0.6120906801007556,
                0.853904282115869,
                0.9899244332493703,
                0.9924433249370277
            ],
            "ACC-AUC": 0.5652392947103275
        },
        "R-1.00": {
            "ROC-AUC": [
                0.30730478589420657,
                0.30982367758186397,
                0.3148614609571788,
                0.32997481108312343,
                0.4105793450881612,
                0.49370277078085645,
                0.6372795969773299,
                0.853904282115869,
                0.9798488664987406,
                1.0
            ],
            "ACC-AUC": 0.563727959697733
        },
        "ROC-AUC": [
            0.30982367758186397,
            0.30730478589420657,
            0.3148614609571788,
            0.3526448362720403,
            0.41309823677581864,
            0.47103274559193953,
            0.6221662468513854,
            0.8513853904282116,
            0.9899244332493703,
            1.0
        ],
        "ACC-AUC": 0.5632241813602015,
        "Recall@5": 0.29554368804998526
    }
}