{
    "ReFine-FT": {
        "ROC-AUC": [
            0.30730478589420657,
            0.30730478589420657,
            0.3249370277078086,
            0.3425692695214106,
            0.4080604534005038,
            0.48866498740554154,
            0.7027707808564232,
            0.9118387909319899,
            0.9874055415617129,
            0.9924433249370277
        ],
        "ACC-AUC": 0.5773299748110832,
        "Recall@5": 0.2957939870093523
    },
    "ReFine": {
        "R-0.10": {
            "ROC-AUC": [
                0.30730478589420657,
                0.3148614609571788,
                0.3148614609571788,
                0.3904282115869018,
                0.491183879093199,
                0.654911838790932,
                0.7858942065491183,
                0.947103274559194,
                0.9874055415617129,
                1.0
            ],
            "ACC-AUC": 0.6193954659949622
        },
        "R-0.20": {
            "ROC-AUC": [
                0.30730478589420657,
                0.3148614609571788,
                0.33249370277078083,
                0.40554156171284633,
                0.47858942065491183,
                0.6322418136020151,
                0.8060453400503779,
                0.9496221662468514,
                0.9974811083123426,
                0.9974811083123426
            ],
            "ACC-AUC": 0.6221662468513853
        },
        "R-0.30": {
            "ROC-AUC": [
                0.30982367758186397,
                0.3123425692695214,
                0.3224181360201511,
                0.3929471032745592,
                0.5113350125944585,
                0.6372795969773299,
                0.8110831234256927,
                0.9395465994962217,
                0.9924433249370277,
                0.9974811083123426
            ],
            "ACC-AUC": 0.6226700251889168
        },
        "R-0.40": {
            "ROC-AUC": [
                0.30730478589420657,
                0.30730478589420657,
                0.33249370277078083,
                0.4005037783375315,
                0.5012594458438288,
                0.6574307304785895,
                0.7858942065491183,
                0.9420654911838791,
                0.9924433249370277,
                1.0
            ],
            "ACC-AUC": 0.6226700251889168
        },
        "R-0.50": {
            "ROC-AUC": [
                0.30982367758186397,
                0.30982367758186397,
                0.32997481108312343,
                0.3904282115869018,
                0.47858942065491183,
                0.6498740554156172,
                0.8035264483627204,
                0.964735516372796,
                0.9874055415617129,
                0.9949622166246851
            ],
            "ACC-AUC": 0.6219143576826196
        },
        "R-0.60": {
            "ROC-AUC": [
                0.30982367758186397,
                0.3123425692695214,
                0.33753148614609574,
                0.3879093198992443,
                0.48614609571788414,
                0.6372795969773299,
                0.8236775818639799,
                0.9445843828715366,
                0.9949622166246851,
                0.9974811083123426
            ],
            "ACC-AUC": 0.6231738035264484
        },
        "R-0.70": {
            "ROC-AUC": [
                0.30982367758186397,
                0.3148614609571788,
                0.33249370277078083,
                0.3929471032745592,
                0.48866498740554154,
                0.6574307304785895,
                0.7959697732997482,
                0.929471032745592,
                0.9949622166246851,
                0.9949622166246851
            ],
            "ACC-AUC": 0.6211586901763224
        },
        "R-0.80": {
            "ROC-AUC": [
                0.30730478589420657,
                0.30982367758186397,
                0.32997481108312343,
                0.4105793450881612,
                0.47858942065491183,
                0.6574307304785895,
                0.7984886649874056,
                0.947103274559194,
                0.9949622166246851,
                0.9974811083123426
            ],
            "ACC-AUC": 0.6231738035264485
        },
        "R-0.90": {
            "ROC-AUC": [
                0.30982367758186397,
                0.30982367758186397,
                0.3350125944584383,
                0.3904282115869018,
                0.5239294710327456,
                0.672544080604534,
                0.801007556675063,
                0.9521410579345088,
                0.9899244332493703,
                1.0
            ],
            "ACC-AUC": 0.6284634760705289
        },
        "R-1.00": {
            "ROC-AUC": [
                0.30730478589420657,
                0.30730478589420657,
                0.31738035264483627,
                0.3979848866498741,
                0.491183879093199,
                0.6599496221662469,
                0.8085642317380353,
                0.9622166246851386,
                0.9949622166246851,
                1.0
            ],
            "ACC-AUC": 0.6246851385390428
        },
        "ROC-AUC": [
            0.30730478589420657,
            0.3148614609571788,
            0.3224181360201511,
            0.4005037783375315,
            0.47858942065491183,
            0.6372795969773299,
            0.7959697732997482,
            0.947103274559194,
            0.9899244332493703,
            1.0
        ],
        "ACC-AUC": 0.6193954659949622
    }
}