{
    "ReFine-FT": {
        "ROC-AUC": [
            0.30730478589420657,
            0.30730478589420657,
            0.327455919395466,
            0.3350125944584383,
            0.36523929471032746,
            0.5088161209068011,
            0.7103274559193955,
            0.9193954659949622,
            0.9874055415617129,
            0.9974811083123426
        ],
        "ACC-AUC": 0.5765743073047859,
        "Recall@5": 0.27855348192249957
    },
    "ReFine": {
        "R-0.10": {
            "ROC-AUC": [
                0.30730478589420657,
                0.3123425692695214,
                0.3224181360201511,
                0.380352644836272,
                0.4534005037783375,
                0.6448362720403022,
                0.783375314861461,
                0.8967254408060453,
                0.9924433249370277,
                1.0
            ],
            "ACC-AUC": 0.6093198992443325
        },
        "R-0.20": {
            "ROC-AUC": [
                0.30730478589420657,
                0.3148614609571788,
                0.33249370277078083,
                0.36523929471032746,
                0.4433249370277078,
                0.6523929471032746,
                0.7758186397984886,
                0.8942065491183879,
                0.9874055415617129,
                1.0
            ],
            "ACC-AUC": 0.6073047858942066
        },
        "R-0.30": {
            "ROC-AUC": [
                0.30730478589420657,
                0.30730478589420657,
                0.327455919395466,
                0.3853904282115869,
                0.4634760705289673,
                0.6272040302267002,
                0.7758186397984886,
                0.889168765743073,
                0.9874055415617129,
                1.0
            ],
            "ACC-AUC": 0.6070528967254407
        },
        "R-0.40": {
            "ROC-AUC": [
                0.30730478589420657,
                0.30982367758186397,
                0.3249370277078086,
                0.3929471032745592,
                0.473551637279597,
                0.6347607052896725,
                0.7808564231738035,
                0.8866498740554156,
                0.9899244332493703,
                0.9974811083123426
            ],
            "ACC-AUC": 0.6098236775818641
        },
        "R-0.50": {
            "ROC-AUC": [
                0.30730478589420657,
                0.30982367758186397,
                0.3350125944584383,
                0.38287153652392947,
                0.4508816120906801,
                0.6574307304785895,
                0.7632241813602015,
                0.8992443324937027,
                0.9899244332493703,
                0.9974811083123426
            ],
            "ACC-AUC": 0.6093198992443325
        },
        "R-0.60": {
            "ROC-AUC": [
                0.30982367758186397,
                0.30982367758186397,
                0.3350125944584383,
                0.3954659949622166,
                0.4836272040302267,
                0.6473551637279596,
                0.783375314861461,
                0.9042821158690176,
                0.982367758186398,
                0.9974811083123426
            ],
            "ACC-AUC": 0.6148614609571788
        },
        "R-0.70": {
            "ROC-AUC": [
                0.30730478589420657,
                0.30982367758186397,
                0.32997481108312343,
                0.380352644836272,
                0.47858942065491183,
                0.690176322418136,
                0.7682619647355163,
                0.9017632241813602,
                0.9899244332493703,
                0.9949622166246851
            ],
            "ACC-AUC": 0.6151133501259446
        },
        "R-0.80": {
            "ROC-AUC": [
                0.30982367758186397,
                0.30730478589420657,
                0.3224181360201511,
                0.3904282115869018,
                0.4987405541561713,
                0.6851385390428212,
                0.8060453400503779,
                0.9168765743073047,
                0.9874055415617129,
                0.9924433249370277
            ],
            "ACC-AUC": 0.6216624685138539
        },
        "R-0.90": {
            "ROC-AUC": [
                0.30730478589420657,
                0.30730478589420657,
                0.3198992443324937,
                0.380352644836272,
                0.4836272040302267,
                0.6952141057934509,
                0.8236775818639799,
                0.924433249370277,
                0.9924433249370277,
                0.9949622166246851
            ],
            "ACC-AUC": 0.6229219143576827
        },
        "R-1.00": {
            "ROC-AUC": [
                0.30982367758186397,
                0.30730478589420657,
                0.3249370277078086,
                0.3778337531486146,
                0.49370277078085645,
                0.707808564231738,
                0.8463476070528967,
                0.924433249370277,
                0.9974811083123426,
                0.9974811083123426
            ],
            "ACC-AUC": 0.6287153652392947
        },
        "ROC-AUC": [
            0.30730478589420657,
            0.3148614609571788,
            0.327455919395466,
            0.3929471032745592,
            0.4508816120906801,
            0.6473551637279596,
            0.7682619647355163,
            0.9168765743073047,
            0.9924433249370277,
            0.9974811083123426
        ],
        "ACC-AUC": 0.6115869017632243,
        "Recall@5": 0.2895762228255931
    }
}