{
    "ReFine-FT": {
        "ROC-AUC": [
            0.30730478589420657,
            0.30982367758186397,
            0.3198992443324937,
            0.345088161209068,
            0.4156171284634761,
            0.6095717884130982,
            0.783375314861461,
            0.9496221662468514,
            0.9899244332493703,
            0.9974811083123426
        ],
        "ACC-AUC": 0.6027707808564231,
        "Recall@5": 0.23850274061231239
    },
    "ReFine": {
        "R-0.10": {
            "ROC-AUC": [
                0.30730478589420657,
                0.30982367758186397,
                0.3249370277078086,
                0.4105793450881612,
                0.47858942065491183,
                0.7178841309823678,
                0.8866498740554156,
                0.982367758186398,
                0.9924433249370277,
                0.9924433249370277
            ],
            "ACC-AUC": 0.6403022670025189
        },
        "R-0.20": {
            "ROC-AUC": [
                0.30730478589420657,
                0.30982367758186397,
                0.32997481108312343,
                0.40554156171284633,
                0.48614609571788414,
                0.7229219143576826,
                0.8816120906801007,
                0.982367758186398,
                0.9924433249370277,
                0.9924433249370277
            ],
            "ACC-AUC": 0.6410579345088163
        },
        "R-0.30": {
            "ROC-AUC": [
                0.3022670025188917,
                0.30730478589420657,
                0.3148614609571788,
                0.3954659949622166,
                0.4836272040302267,
                0.7279596977329975,
                0.836272040302267,
                0.9848866498740554,
                0.9974811083123426,
                0.9924433249370277
            ],
            "ACC-AUC": 0.6342569269521411
        },
        "R-0.40": {
            "ROC-AUC": [
                0.3047858942065491,
                0.30730478589420657,
                0.3350125944584383,
                0.4005037783375315,
                0.46851385390428213,
                0.7204030226700252,
                0.889168765743073,
                0.9748110831234257,
                0.9899244332493703,
                0.9974811083123426
            ],
            "ACC-AUC": 0.6387909319899243
        },
        "R-0.50": {
            "ROC-AUC": [
                0.30730478589420657,
                0.30982367758186397,
                0.32997481108312343,
                0.3853904282115869,
                0.473551637279597,
                0.7153652392947103,
                0.8816120906801007,
                0.9697732997481109,
                0.9848866498740554,
                0.9899244332493703
            ],
            "ACC-AUC": 0.6347607052896725
        },
        "R-0.60": {
            "ROC-AUC": [
                0.3047858942065491,
                0.30982367758186397,
                0.327455919395466,
                0.3853904282115869,
                0.48866498740554154,
                0.7304785894206549,
                0.8564231738035264,
                0.982367758186398,
                0.9924433249370277,
                0.9949622166246851
            ],
            "ACC-AUC": 0.6372795969773299
        },
        "R-0.70": {
            "ROC-AUC": [
                0.30730478589420657,
                0.30730478589420657,
                0.327455919395466,
                0.3954659949622166,
                0.49370277078085645,
                0.7329974811083123,
                0.8790931989924433,
                0.9848866498740554,
                0.9924433249370277,
                0.9924433249370277
            ],
            "ACC-AUC": 0.641309823677582
        },
        "R-0.80": {
            "ROC-AUC": [
                0.30730478589420657,
                0.3047858942065491,
                0.3224181360201511,
                0.3954659949622166,
                0.48614609571788414,
                0.7178841309823678,
                0.8765743073047859,
                0.982367758186398,
                0.9949622166246851,
                0.9974811083123426
            ],
            "ACC-AUC": 0.6385390428211587
        },
        "R-0.90": {
            "ROC-AUC": [
                0.3047858942065491,
                0.3047858942065491,
                0.3198992443324937,
                0.3929471032745592,
                0.4987405541561713,
                0.72544080604534,
                0.8664987405541562,
                0.9773299748110831,
                0.9974811083123426,
                0.9949622166246851
            ],
            "ACC-AUC": 0.6382871536523929
        },
        "R-1.00": {
            "ROC-AUC": [
                0.3047858942065491,
                0.30730478589420657,
                0.3198992443324937,
                0.36523929471032746,
                0.48614609571788414,
                0.707808564231738,
                0.8967254408060453,
                0.9748110831234257,
                0.9899244332493703,
                0.9949622166246851
            ],
            "ACC-AUC": 0.6347607052896725
        },
        "ROC-AUC": [
            0.30730478589420657,
            0.30982367758186397,
            0.3148614609571788,
            0.4005037783375315,
            0.473551637279597,
            0.7304785894206549,
            0.8790931989924433,
            0.982367758186398,
            0.9974811083123426,
            0.9949622166246851
        ],
        "ACC-AUC": 0.6390428211586902,
        "Recall@5": 0.2384151882262713
    }
}