{
    "ReFine-FT": {
        "ROC-AUC": [
            0.30982367758186397,
            0.30730478589420657,
            0.30982367758186397,
            0.31738035264483627,
            0.327455919395466,
            0.3954659949622166,
            0.5465994962216625,
            0.7984886649874056,
            0.9798488664987406,
            0.9949622166246851
        ],
        "ACC-AUC": 0.5287153652392946,
        "Recall@5": 0.2883753421221935
    },
    "ReFine": {
        "R-0.10": {
            "ROC-AUC": [
                0.30730478589420657,
                0.30730478589420657,
                0.31738035264483627,
                0.36272040302267,
                0.42317380352644834,
                0.48866498740554154,
                0.6423173803526449,
                0.8589420654911839,
                0.9874055415617129,
                1.0
            ],
            "ACC-AUC": 0.569521410579345
        },
        "R-0.20": {
            "ROC-AUC": [
                0.30730478589420657,
                0.30730478589420657,
                0.327455919395466,
                0.35768261964735515,
                0.42065491183879095,
                0.4811083123425693,
                0.6423173803526449,
                0.8589420654911839,
                0.9773299748110831,
                0.9974811083123426
            ],
            "ACC-AUC": 0.5677581863979849
        },
        "R-0.30": {
            "ROC-AUC": [
                0.30730478589420657,
                0.30730478589420657,
                0.3224181360201511,
                0.35768261964735515,
                0.43073047858942065,
                0.49622166246851385,
                0.5994962216624685,
                0.8639798488664987,
                0.982367758186398,
                1.0
            ],
            "ACC-AUC": 0.5667506297229219
        },
        "R-0.40": {
            "ROC-AUC": [
                0.30730478589420657,
                0.30730478589420657,
                0.31738035264483627,
                0.3677581863979849,
                0.4256926952141058,
                0.49622166246851385,
                0.6246851385390428,
                0.8463476070528967,
                0.9798488664987406,
                1.0
            ],
            "ACC-AUC": 0.5672544080604534
        },
        "R-0.50": {
            "ROC-AUC": [
                0.30730478589420657,
                0.30730478589420657,
                0.31738035264483627,
                0.35516372795969775,
                0.42317380352644834,
                0.47103274559193953,
                0.6196473551637279,
                0.8589420654911839,
                0.9924433249370277,
                1.0
            ],
            "ACC-AUC": 0.5652392947103275
        },
        "R-0.60": {
            "ROC-AUC": [
                0.30730478589420657,
                0.30730478589420657,
                0.3249370277078086,
                0.36523929471032746,
                0.4282115869017632,
                0.491183879093199,
                0.6297229219143576,
                0.8564231738035264,
                0.9773299748110831,
                0.9974811083123426
            ],
            "ACC-AUC": 0.5685138539042821
        },
        "R-0.70": {
            "ROC-AUC": [
                0.30730478589420657,
                0.30730478589420657,
                0.3198992443324937,
                0.3602015113350126,
                0.3979848866498741,
                0.4836272040302267,
                0.6448362720403022,
                0.853904282115869,
                0.9874055415617129,
                1.0
            ],
            "ACC-AUC": 0.5662468513853904
        },
        "R-0.80": {
            "ROC-AUC": [
                0.30730478589420657,
                0.3123425692695214,
                0.31738035264483627,
                0.3677581863979849,
                0.43073047858942065,
                0.48866498740554154,
                0.6372795969773299,
                0.8664987405541562,
                0.9798488664987406,
                1.0
            ],
            "ACC-AUC": 0.5707808564231738
        },
        "R-0.90": {
            "ROC-AUC": [
                0.30730478589420657,
                0.30730478589420657,
                0.3123425692695214,
                0.3526448362720403,
                0.4156171284634761,
                0.4987405541561713,
                0.6246851385390428,
                0.8413098236775819,
                0.982367758186398,
                1.0
            ],
            "ACC-AUC": 0.5642317380352645
        },
        "R-1.00": {
            "ROC-AUC": [
                0.30730478589420657,
                0.30982367758186397,
                0.30982367758186397,
                0.3425692695214106,
                0.4080604534005038,
                0.5138539042821159,
                0.6750629722921915,
                0.8589420654911839,
                0.9874055415617129,
                0.9974811083123426
            ],
            "ACC-AUC": 0.5710327455919395
        },
        "ROC-AUC": [
            0.30730478589420657,
            0.30730478589420657,
            0.3224181360201511,
            0.3677581863979849,
            0.42317380352644834,
            0.491183879093199,
            0.6448362720403022,
            0.8664987405541562,
            0.982367758186398,
            0.9974811083123426
        ],
        "ACC-AUC": 0.5710327455919395
    }
}