{
    "ReFine-FT": {
        "ROC-AUC": [
            0.30982367758186397,
            0.3198992443324937,
            0.31738035264483627,
            0.33753148614609574,
            0.36272040302267,
            0.44584382871536526,
            0.5768261964735516,
            0.8312342569269522,
            0.9874055415617129,
            1.0
        ],
        "ACC-AUC": 0.5488664987405542,
        "Recall@5": 0.17985241039397212
    },
    "ReFine": {
        "R-0.10": {
            "ROC-AUC": [
                0.30730478589420657,
                0.3148614609571788,
                0.31738035264483627,
                0.32997481108312343,
                0.35768261964735515,
                0.4433249370277078,
                0.5944584382871536,
                0.8312342569269522,
                0.9899244332493703,
                0.9974811083123426
            ],
            "ACC-AUC": 0.5483627204030227
        },
        "R-0.20": {
            "ROC-AUC": [
                0.30730478589420657,
                0.31738035264483627,
                0.31738035264483627,
                0.3425692695214106,
                0.37279596977329976,
                0.44080604534005036,
                0.6020151133501259,
                0.8236775818639799,
                0.9899244332493703,
                0.9949622166246851
            ],
            "ACC-AUC": 0.5508816120906801
        },
        "R-0.30": {
            "ROC-AUC": [
                0.30982367758186397,
                0.3198992443324937,
                0.3198992443324937,
                0.3350125944584383,
                0.35516372795969775,
                0.4534005037783375,
                0.5894206549118388,
                0.8085642317380353,
                0.9924433249370277,
                0.9949622166246851
            ],
            "ACC-AUC": 0.5478589420654911
        },
        "R-0.40": {
            "ROC-AUC": [
                0.30982367758186397,
                0.3148614609571788,
                0.3224181360201511,
                0.32997481108312343,
                0.3526448362720403,
                0.44080604534005036,
                0.5818639798488665,
                0.8085642317380353,
                0.9899244332493703,
                1.0
            ],
            "ACC-AUC": 0.545088161209068
        },
        "R-0.50": {
            "ROC-AUC": [
                0.30730478589420657,
                0.3148614609571788,
                0.327455919395466,
                0.3350125944584383,
                0.3677581863979849,
                0.4357682619647355,
                0.5894206549118388,
                0.8261964735516373,
                0.9848866498740554,
                1.0
            ],
            "ACC-AUC": 0.5488664987405542
        },
        "R-0.60": {
            "ROC-AUC": [
                0.30982367758186397,
                0.3148614609571788,
                0.3198992443324937,
                0.3350125944584383,
                0.35768261964735515,
                0.45843828715365237,
                0.5919395465994962,
                0.8337531486146096,
                0.9924433249370277,
                0.9974811083123426
            ],
            "ACC-AUC": 0.5511335012594458
        },
        "R-0.70": {
            "ROC-AUC": [
                0.3123425692695214,
                0.31738035264483627,
                0.31738035264483627,
                0.33753148614609574,
                0.36523929471032746,
                0.45843828715365237,
                0.5768261964735516,
                0.8589420654911839,
                0.9773299748110831,
                1.0
            ],
            "ACC-AUC": 0.5521410579345088
        },
        "R-0.80": {
            "ROC-AUC": [
                0.30982367758186397,
                0.3148614609571788,
                0.31738035264483627,
                0.327455919395466,
                0.36272040302267,
                0.45843828715365237,
                0.5843828715365239,
                0.8488664987405542,
                0.9899244332493703,
                1.0
            ],
            "ACC-AUC": 0.5513853904282116
        },
        "R-0.90": {
            "ROC-AUC": [
                0.30982367758186397,
                0.3123425692695214,
                0.3224181360201511,
                0.34760705289672544,
                0.3702770780856423,
                0.45591939546599497,
                0.5566750629722922,
                0.8312342569269522,
                0.9848866498740554,
                1.0
            ],
            "ACC-AUC": 0.54911838790932
        },
        "R-1.00": {
            "ROC-AUC": [
                0.30982367758186397,
                0.3123425692695214,
                0.30982367758186397,
                0.33249370277078083,
                0.37531486146095716,
                0.46851385390428213,
                0.5869017632241813,
                0.8413098236775819,
                0.9924433249370277,
                0.9949622166246851
            ],
            "ACC-AUC": 0.5523929471032746
        },
        "ROC-AUC": [
            0.30730478589420657,
            0.31738035264483627,
            0.3198992443324937,
            0.32997481108312343,
            0.3677581863979849,
            0.45843828715365237,
            0.5768261964735516,
            0.8488664987405542,
            0.9848866498740554,
            0.9949622166246851
        ],
        "ACC-AUC": 0.5506297229219144,
        "Recall@5": 0.18006931495596484
    }
}