{
    "ReFine-FT": {
        "ROC-AUC": [
            0.30730478589420657,
            0.30730478589420657,
            0.3123425692695214,
            0.3224181360201511,
            0.32997481108312343,
            0.4105793450881612,
            0.5491183879093199,
            0.7858942065491183,
            0.9848866498740554,
            0.9974811083123426
        ],
        "ACC-AUC": 0.5307304785894207,
        "Recall@5": 0.28829137906593827
    },
    "ReFine": {
        "R-0.10": {
            "ROC-AUC": [
                0.30730478589420657,
                0.30730478589420657,
                0.3123425692695214,
                0.35516372795969775,
                0.4181360201511335,
                0.4634760705289673,
                0.6322418136020151,
                0.8639798488664987,
                0.9798488664987406,
                0.9949622166246851
            ],
            "ACC-AUC": 0.5634760705289673
        },
        "R-0.20": {
            "ROC-AUC": [
                0.30730478589420657,
                0.30982367758186397,
                0.31738035264483627,
                0.3501259445843829,
                0.4181360201511335,
                0.45591939546599497,
                0.6221662468513854,
                0.8740554156171285,
                0.9848866498740554,
                1.0
            ],
            "ACC-AUC": 0.5639798488664988
        },
        "R-0.30": {
            "ROC-AUC": [
                0.30730478589420657,
                0.30982367758186397,
                0.31738035264483627,
                0.3677581863979849,
                0.4256926952141058,
                0.4836272040302267,
                0.6246851385390428,
                0.8413098236775819,
                0.9848866498740554,
                0.9974811083123426
            ],
            "ACC-AUC": 0.5659949622166247
        },
        "R-0.40": {
            "ROC-AUC": [
                0.30730478589420657,
                0.30730478589420657,
                0.3123425692695214,
                0.35516372795969775,
                0.4080604534005038,
                0.4659949622166247,
                0.6297229219143576,
                0.8664987405541562,
                0.982367758186398,
                1.0
            ],
            "ACC-AUC": 0.5634760705289673
        },
        "R-0.50": {
            "ROC-AUC": [
                0.30730478589420657,
                0.30730478589420657,
                0.3148614609571788,
                0.34760705289672544,
                0.43828715365239296,
                0.47858942065491183,
                0.6272040302267002,
                0.8589420654911839,
                0.9899244332493703,
                0.9924433249370277
            ],
            "ACC-AUC": 0.5662468513853904
        },
        "R-0.60": {
            "ROC-AUC": [
                0.30730478589420657,
                0.30982367758186397,
                0.3198992443324937,
                0.35516372795969775,
                0.40554156171284633,
                0.47103274559193953,
                0.6322418136020151,
                0.871536523929471,
                0.9748110831234257,
                1.0
            ],
            "ACC-AUC": 0.564735516372796
        },
        "R-0.70": {
            "ROC-AUC": [
                0.3047858942065491,
                0.30730478589420657,
                0.3148614609571788,
                0.3501259445843829,
                0.4282115869017632,
                0.4836272040302267,
                0.6448362720403022,
                0.871536523929471,
                0.9848866498740554,
                1.0
            ],
            "ACC-AUC": 0.5690176322418136
        },
        "R-0.80": {
            "ROC-AUC": [
                0.30730478589420657,
                0.30982367758186397,
                0.31738035264483627,
                0.35516372795969775,
                0.4181360201511335,
                0.4609571788413098,
                0.6095717884130982,
                0.8740554156171285,
                0.9798488664987406,
                0.9949622166246851
            ],
            "ACC-AUC": 0.56272040302267
        },
        "R-0.90": {
            "ROC-AUC": [
                0.30730478589420657,
                0.30730478589420657,
                0.3148614609571788,
                0.36523929471032746,
                0.4181360201511335,
                0.4760705289672544,
                0.6221662468513854,
                0.8614609571788413,
                0.9874055415617129,
                0.9949622166246851
            ],
            "ACC-AUC": 0.5654911838790933
        },
        "R-1.00": {
            "ROC-AUC": [
                0.30730478589420657,
                0.30982367758186397,
                0.3148614609571788,
                0.345088161209068,
                0.4156171284634761,
                0.48614609571788414,
                0.6246851385390428,
                0.8690176322418136,
                0.9773299748110831,
                0.9974811083123426
            ],
            "ACC-AUC": 0.5647355163727961
        },
        "ROC-AUC": [
            0.30730478589420657,
            0.30982367758186397,
            0.31738035264483627,
            0.35516372795969775,
            0.43828715365239296,
            0.47103274559193953,
            0.6448362720403022,
            0.8740554156171285,
            0.9874055415617129,
            0.9974811083123426
        ],
        "ACC-AUC": 0.5702770780856423,
        "Recall@5": 0.2955506849713399
    }
}