{
    "ReFine-FT": {
        "ROC-AUC": [
            0.30982367758186397,
            0.30982367758186397,
            0.3249370277078086,
            0.3224181360201511,
            0.34005037783375314,
            0.4181360201511335,
            0.5642317380352645,
            0.8110831234256927,
            0.9899244332493703,
            0.9974811083123426
        ],
        "ACC-AUC": 0.5387909319899244,
        "Recall@5": 0.1839889085166163
    },
    "ReFine": {
        "R-0.10": {
            "ROC-AUC": [
                0.3123425692695214,
                0.30730478589420657,
                0.3148614609571788,
                0.3224181360201511,
                0.33753148614609574,
                0.4080604534005038,
                0.5617128463476071,
                0.8337531486146096,
                0.9899244332493703,
                0.9974811083123426
            ],
            "ACC-AUC": 0.5385390428211587
        },
        "R-0.20": {
            "ROC-AUC": [
                0.30730478589420657,
                0.30730478589420657,
                0.3148614609571788,
                0.3249370277078086,
                0.3602015113350126,
                0.42065491183879095,
                0.5793450881612091,
                0.8337531486146096,
                0.9949622166246851,
                0.9949622166246851
            ],
            "ACC-AUC": 0.5438287153652394
        },
        "R-0.30": {
            "ROC-AUC": [
                0.30982367758186397,
                0.3047858942065491,
                0.3249370277078086,
                0.3249370277078086,
                0.345088161209068,
                0.42065491183879095,
                0.5717884130982368,
                0.8287153652392947,
                0.9924433249370277,
                0.9974811083123426
            ],
            "ACC-AUC": 0.5420654911838791
        },
        "R-0.40": {
            "ROC-AUC": [
                0.3123425692695214,
                0.30730478589420657,
                0.3198992443324937,
                0.3224181360201511,
                0.33753148614609574,
                0.42065491183879095,
                0.5566750629722922,
                0.8236775818639799,
                0.9874055415617129,
                1.0
            ],
            "ACC-AUC": 0.5387909319899244
        },
        "R-0.50": {
            "ROC-AUC": [
                0.30730478589420657,
                0.30982367758186397,
                0.3249370277078086,
                0.3148614609571788,
                0.34005037783375314,
                0.42065491183879095,
                0.5743073047858942,
                0.836272040302267,
                0.9924433249370277,
                0.9949622166246851
            ],
            "ACC-AUC": 0.5415617128463477
        },
        "R-0.60": {
            "ROC-AUC": [
                0.3047858942065491,
                0.30730478589420657,
                0.3198992443324937,
                0.31738035264483627,
                0.35768261964735515,
                0.4332493702770781,
                0.5743073047858942,
                0.8513853904282116,
                0.9874055415617129,
                0.9974811083123426
            ],
            "ACC-AUC": 0.545088161209068
        },
        "R-0.70": {
            "ROC-AUC": [
                0.30982367758186397,
                0.30982367758186397,
                0.3249370277078086,
                0.327455919395466,
                0.34005037783375314,
                0.42065491183879095,
                0.5743073047858942,
                0.8463476070528967,
                0.9798488664987406,
                0.9974811083123426
            ],
            "ACC-AUC": 0.5430730478589421
        },
        "R-0.80": {
            "ROC-AUC": [
                0.30730478589420657,
                0.3123425692695214,
                0.3148614609571788,
                0.31738035264483627,
                0.35516372795969775,
                0.43073047858942065,
                0.5768261964735516,
                0.8337531486146096,
                0.9924433249370277,
                0.9974811083123426
            ],
            "ACC-AUC": 0.5438287153652392
        },
        "R-0.90": {
            "ROC-AUC": [
                0.30730478589420657,
                0.30730478589420657,
                0.3148614609571788,
                0.32997481108312343,
                0.32997481108312343,
                0.42065491183879095,
                0.5465994962216625,
                0.8136020151133502,
                0.9848866498740554,
                0.9949622166246851
            ],
            "ACC-AUC": 0.5350125944584383
        },
        "R-1.00": {
            "ROC-AUC": [
                0.3047858942065491,
                0.30730478589420657,
                0.3224181360201511,
                0.3249370277078086,
                0.3425692695214106,
                0.44584382871536526,
                0.5843828715365239,
                0.8564231738035264,
                0.9899244332493703,
                0.9974811083123426
            ],
            "ACC-AUC": 0.5476070528967254
        },
        "ROC-AUC": [
            0.3123425692695214,
            0.30730478589420657,
            0.3249370277078086,
            0.3224181360201511,
            0.34005037783375314,
            0.4332493702770781,
            0.5743073047858942,
            0.8337531486146096,
            0.9848866498740554,
            0.9974811083123426
        ],
        "ACC-AUC": 0.5430730478589421,
        "Recall@5": 0.18440713358849378
    }
}