{
    "ReFine-FT": {
        "ROC-AUC": [
            0.3047858942065491,
            0.30730478589420657,
            0.3198992443324937,
            0.37279596977329976,
            0.4282115869017632,
            0.5617128463476071,
            0.7153652392947103,
            0.9118387909319899,
            1.0,
            0.9924433249370277
        ],
        "ACC-AUC": 0.5914357682619646,
        "Recall@5": 0.2205068860610422
    },
    "ReFine": {
        "R-0.10": {
            "ROC-AUC": [
                0.30730478589420657,
                0.30982367758186397,
                0.3198992443324937,
                0.4105793450881612,
                0.4760705289672544,
                0.6675062972292192,
                0.8136020151133502,
                0.9420654911838791,
                1.0,
                0.9949622166246851
            ],
            "ACC-AUC": 0.6241813602015114
        },
        "R-0.20": {
            "ROC-AUC": [
                0.3022670025188917,
                0.3123425692695214,
                0.32997481108312343,
                0.4080604534005038,
                0.47858942065491183,
                0.6750629722921915,
                0.8287153652392947,
                0.9345088161209067,
                0.9949622166246851,
                1.0
            ],
            "ACC-AUC": 0.6264483627204032
        },
        "R-0.30": {
            "ROC-AUC": [
                0.3047858942065491,
                0.30982367758186397,
                0.3224181360201511,
                0.40302267002518893,
                0.4634760705289673,
                0.6423173803526449,
                0.818639798488665,
                0.9445843828715366,
                0.9974811083123426,
                1.0
            ],
            "ACC-AUC": 0.620654911838791
        },
        "R-0.40": {
            "ROC-AUC": [
                0.30982367758186397,
                0.30982367758186397,
                0.327455919395466,
                0.40302267002518893,
                0.45591939546599497,
                0.6750629722921915,
                0.8287153652392947,
                0.947103274559194,
                0.9974811083123426,
                0.9974811083123426
            ],
            "ACC-AUC": 0.6251889168765743
        },
        "R-0.50": {
            "ROC-AUC": [
                0.30730478589420657,
                0.30982367758186397,
                0.3350125944584383,
                0.40302267002518893,
                0.45843828715365237,
                0.6599496221662469,
                0.7959697732997482,
                0.9571788413098237,
                0.9874055415617129,
                0.9974811083123426
            ],
            "ACC-AUC": 0.6211586901763224
        },
        "R-0.60": {
            "ROC-AUC": [
                0.30730478589420657,
                0.3047858942065491,
                0.3350125944584383,
                0.42065491183879095,
                0.47103274559193953,
                0.6851385390428212,
                0.8261964735516373,
                0.947103274559194,
                1.0,
                1.0
            ],
            "ACC-AUC": 0.6297229219143576
        },
        "R-0.70": {
            "ROC-AUC": [
                0.3047858942065491,
                0.30730478589420657,
                0.33753148614609574,
                0.4181360201511335,
                0.473551637279597,
                0.6851385390428212,
                0.8413098236775819,
                0.9445843828715366,
                0.9949622166246851,
                0.9949622166246851
            ],
            "ACC-AUC": 0.6302267002518892
        },
        "R-0.80": {
            "ROC-AUC": [
                0.30730478589420657,
                0.3123425692695214,
                0.3123425692695214,
                0.41309823677581864,
                0.473551637279597,
                0.7027707808564232,
                0.8513853904282116,
                0.9521410579345088,
                0.9949622166246851,
                0.9974811083123426
            ],
            "ACC-AUC": 0.6317380352644837
        },
        "R-0.90": {
            "ROC-AUC": [
                0.30730478589420657,
                0.3123425692695214,
                0.3224181360201511,
                0.3954659949622166,
                0.491183879093199,
                0.6851385390428212,
                0.8287153652392947,
                0.9521410579345088,
                1.0,
                0.9949622166246851
            ],
            "ACC-AUC": 0.6289672544080604
        },
        "R-1.00": {
            "ROC-AUC": [
                0.30730478589420657,
                0.3047858942065491,
                0.3224181360201511,
                0.3879093198992443,
                0.4659949622166247,
                0.7355163727959698,
                0.836272040302267,
                0.9496221662468514,
                1.0,
                0.9949622166246851
            ],
            "ACC-AUC": 0.6304785894206549
        },
        "ROC-AUC": [
            0.30730478589420657,
            0.3123425692695214,
            0.3224181360201511,
            0.40302267002518893,
            0.45843828715365237,
            0.6851385390428212,
            0.8413098236775819,
            0.9521410579345088,
            1.0,
            0.9949622166246851
        ],
        "ACC-AUC": 0.6277078085642318,
        "Recall@5": 0.2213970852824757
    }
}