{
    "PgExplainer": {
        "ROC-AUC": [
            0.30730478589420657,
            0.3148614609571788,
            0.3148614609571788,
            0.34760705289672544,
            0.35768261964735515,
            0.5340050377833753,
            0.6700251889168766,
            0.8337531486146096,
            0.982367758186398,
            0.9949622166246851
        ],
        "ACC-AUC": 0.565743073047859,
        "Recall@5": 0.2958562777832299
    }
}