{
    "ReFine-FT": {
        "ROC-AUC": [
            0.30730478589420657,
            0.30730478589420657,
            0.31738035264483627,
            0.345088161209068,
            0.4080604534005038,
            0.5415617128463476,
            0.7178841309823678,
            0.889168765743073,
            0.9848866498740554,
            1.0
        ],
        "ACC-AUC": 0.5818639798488665,
        "Recall@5": 0.29675606369561025
    },
    "ReFine": {
        "R-0.10": {
            "ROC-AUC": [
                0.30730478589420657,
                0.30730478589420657,
                0.31738035264483627,
                0.3979848866498741,
                0.4256926952141058,
                0.6574307304785895,
                0.7758186397984886,
                0.9571788413098237,
                0.9924433249370277,
                0.9949622166246851
            ],
            "ACC-AUC": 0.6133501259445845
        },
        "R-0.20": {
            "ROC-AUC": [
                0.30730478589420657,
                0.30730478589420657,
                0.3224181360201511,
                0.3853904282115869,
                0.44836272040302266,
                0.6700251889168766,
                0.7984886649874056,
                0.947103274559194,
                0.9949622166246851,
                1.0
            ],
            "ACC-AUC": 0.6181360201511336
        },
        "R-0.30": {
            "ROC-AUC": [
                0.30730478589420657,
                0.30730478589420657,
                0.3148614609571788,
                0.3879093198992443,
                0.4508816120906801,
                0.6599496221662469,
                0.7909319899244333,
                0.947103274559194,
                0.9848866498740554,
                0.9974811083123426
            ],
            "ACC-AUC": 0.6148614609571788
        },
        "R-0.40": {
            "ROC-AUC": [
                0.30730478589420657,
                0.30982367758186397,
                0.3249370277078086,
                0.3879093198992443,
                0.44584382871536526,
                0.6574307304785895,
                0.7959697732997482,
                0.9521410579345088,
                0.9974811083123426,
                0.9949622166246851
            ],
            "ACC-AUC": 0.6173803526448364
        },
        "R-0.50": {
            "ROC-AUC": [
                0.30730478589420657,
                0.30730478589420657,
                0.3148614609571788,
                0.3929471032745592,
                0.4357682619647355,
                0.6448362720403022,
                0.7732997481108312,
                0.9622166246851386,
                0.9949622166246851,
                0.9949622166246851
            ],
            "ACC-AUC": 0.6128463476070529
        },
        "R-0.60": {
            "ROC-AUC": [
                0.30730478589420657,
                0.30730478589420657,
                0.31738035264483627,
                0.3879093198992443,
                0.4433249370277078,
                0.6801007556675063,
                0.7909319899244333,
                0.9395465994962217,
                0.9924433249370277,
                1.0
            ],
            "ACC-AUC": 0.6166246851385392
        },
        "R-0.70": {
            "ROC-AUC": [
                0.30730478589420657,
                0.30730478589420657,
                0.31738035264483627,
                0.3904282115869018,
                0.47858942065491183,
                0.672544080604534,
                0.7884130982367759,
                0.9445843828715366,
                0.9924433249370277,
                1.0
            ],
            "ACC-AUC": 0.6198992443324937
        },
        "R-0.80": {
            "ROC-AUC": [
                0.30730478589420657,
                0.30982367758186397,
                0.3198992443324937,
                0.38287153652392947,
                0.4659949622166247,
                0.6952141057934509,
                0.783375314861461,
                0.947103274559194,
                0.9924433249370277,
                0.9949622166246851
            ],
            "ACC-AUC": 0.6198992443324938
        },
        "R-0.90": {
            "ROC-AUC": [
                0.30730478589420657,
                0.30730478589420657,
                0.31738035264483627,
                0.4005037783375315,
                0.4987405541561713,
                0.707808564231738,
                0.7959697732997482,
                0.9571788413098237,
                0.9848866498740554,
                1.0
            ],
            "ACC-AUC": 0.6277078085642318
        },
        "R-1.00": {
            "ROC-AUC": [
                0.30730478589420657,
                0.30730478589420657,
                0.3148614609571788,
                0.38287153652392947,
                0.4433249370277078,
                0.72544080604534,
                0.8085642317380353,
                0.9546599496221663,
                0.9949622166246851,
                0.9949622166246851
            ],
            "ACC-AUC": 0.6234256926952142
        },
        "ROC-AUC": [
            0.30730478589420657,
            0.30730478589420657,
            0.3148614609571788,
            0.3879093198992443,
            0.4357682619647355,
            0.6801007556675063,
            0.7884130982367759,
            0.947103274559194,
            0.9848866498740554,
            0.9949622166246851
        ],
        "ACC-AUC": 0.6148614609571789
    }
}