{
    "ReFine-FT": {
        "ROC-AUC": [
            0.23186925434116445,
            0.33605720122574056,
            0.39632277834525026,
            0.4341164453524004,
            0.4525025536261491,
            0.5362614913176711,
            0.6332992849846782,
            0.8079673135852911,
            0.9244126659856997,
            1.0
        ],
        "ACC-AUC": 0.5752808988764044,
        "Recall@5": "nan"
    },
    "ReFine": {
        "R-0.10": {
            "ROC-AUC": [
                0.3687436159346272,
                0.338100102145046,
                0.40551583248212464,
                0.48621041879468846,
                0.5188968335035751,
                0.575076608784474,
                0.6629213483146067,
                0.7987742594484167,
                0.9295199182839632,
                1.0
            ],
            "ACC-AUC": 0.6083758937691522
        },
        "R-0.20": {
            "ROC-AUC": [
                0.3176710929519918,
                0.4851889683350358,
                0.40960163432073543,
                0.4525025536261491,
                0.5107252298263534,
                0.567926455566905,
                0.6537282941777324,
                0.7854954034729316,
                0.9223697650663942,
                1.0
            ],
            "ACC-AUC": 0.6105209397344229
        },
        "R-0.30": {
            "ROC-AUC": [
                0.2819203268641471,
                0.46884576098059244,
                0.575076608784474,
                0.4933605720122574,
                0.48314606741573035,
                0.5546475995914198,
                0.6618998978549541,
                0.7957099080694586,
                0.9172625127681308,
                1.0
            ],
            "ACC-AUC": 0.6231869254341165
        },
        "R-0.40": {
            "ROC-AUC": [
                0.278855975485189,
                0.3881511746680286,
                0.5362614913176711,
                0.669050051072523,
                0.5291113381001021,
                0.550561797752809,
                0.6251276813074566,
                0.7844739530132788,
                0.9223697650663942,
                1.0
            ],
            "ACC-AUC": 0.6283963227783452
        },
        "R-0.50": {
            "ROC-AUC": [
                0.26149131767109296,
                0.3585291113381001,
                0.4484167517875383,
                0.6026557711950971,
                0.7293156281920327,
                0.5985699693564862,
                0.6281920326864147,
                0.7824310520939735,
                0.9284984678243106,
                1.0
            ],
            "ACC-AUC": 0.6338100102145046
        },
        "R-0.60": {
            "ROC-AUC": [
                0.236976506639428,
                0.33401430030643514,
                0.4341164453524004,
                0.5291113381001021,
                0.6353421859039836,
                0.7773237997957099,
                0.676200204290092,
                0.7528089887640449,
                0.9080694586312564,
                1.0
            ],
            "ACC-AUC": 0.6283963227783452
        },
        "R-0.70": {
            "ROC-AUC": [
                0.21450459652706844,
                0.32788559754851887,
                0.39325842696629215,
                0.4902962206332993,
                0.5628192032686414,
                0.6578140960163432,
                0.8171603677221655,
                0.7834525025536262,
                0.8866189989785496,
                1.0
            ],
            "ACC-AUC": 0.6133810010214505
        },
        "R-0.80": {
            "ROC-AUC": [
                0.21961184882533197,
                0.3166496424923391,
                0.4167517875383044,
                0.48621041879468846,
                0.5464759959141982,
                0.6353421859039836,
                0.7722165474974464,
                0.8978549540347294,
                0.8835546475995915,
                1.0
            ],
            "ACC-AUC": 0.6174668028600614
        },
        "R-0.90": {
            "ROC-AUC": [
                0.22676200204290092,
                0.33605720122574056,
                0.42390194075587334,
                0.48416751787538304,
                0.5280898876404494,
                0.6149131767109295,
                0.7334014300306435,
                0.8488253319713994,
                0.947906026557712,
                1.0
            ],
            "ACC-AUC": 0.6144024514811032
        },
        "R-1.00": {
            "ROC-AUC": [
                0.22982635342185903,
                0.3350357507660878,
                0.41062308478038817,
                0.4821246169560776,
                0.5403472931562819,
                0.644535240040858,
                0.7303370786516854,
                0.8335035750766088,
                0.9387129724208376,
                1.0
            ],
            "ACC-AUC": 0.6145045965270685
        },
        "ROC-AUC": [
            0.3687436159346272,
            0.4851889683350358,
            0.575076608784474,
            0.669050051072523,
            0.7293156281920327,
            0.7773237997957099,
            0.8171603677221655,
            0.8978549540347294,
            0.947906026557712,
            1.0
        ],
        "ACC-AUC": 0.726762002042901
    }
}