{
    "ReFine-FT": {
        "ROC-AUC": [
            0.2236976506639428,
            0.3023493360572012,
            0.3830439223697651,
            0.42594484167517876,
            0.5168539325842697,
            0.6006128702757916,
            0.6721144024514811,
            0.7926455566905005,
            0.9346271705822268,
            1.0
        ],
        "ACC-AUC": 0.5851889683350358,
        "Recall@5": "nan"
    },
    "ReFine": {
        "R-0.10": {
            "ROC-AUC": [
                0.3840653728294178,
                0.3442288049029622,
                0.4198161389172625,
                0.48008171603677224,
                0.5495403472931563,
                0.616956077630235,
                0.710929519918284,
                0.7997957099080695,
                0.9325842696629213,
                1.0
            ],
            "ACC-AUC": 0.6237997957099081
        },
        "R-0.20": {
            "ROC-AUC": [
                0.34627170582226763,
                0.5127681307456589,
                0.4167517875383044,
                0.4759959141981614,
                0.5617977528089888,
                0.6067415730337079,
                0.7027579162410623,
                0.7834525025536262,
                0.9305413687436159,
                1.0
            ],
            "ACC-AUC": 0.6337078651685394
        },
        "R-0.30": {
            "ROC-AUC": [
                0.27987742594484166,
                0.4790602655771195,
                0.6465781409601634,
                0.526046986721144,
                0.5352400408580184,
                0.5965270684371808,
                0.6527068437180796,
                0.7742594484167518,
                0.9244126659856997,
                1.0
            ],
            "ACC-AUC": 0.6414708886618998
        },
        "R-0.40": {
            "ROC-AUC": [
                0.25638406537282943,
                0.4157303370786517,
                0.5883554647599591,
                0.7099080694586313,
                0.5607763023493361,
                0.5903983656792645,
                0.6353421859039836,
                0.7609805924412666,
                0.9254341164453525,
                1.0
            ],
            "ACC-AUC": 0.6443309499489274
        },
        "R-0.50": {
            "ROC-AUC": [
                0.2512768130745659,
                0.39121552604698673,
                0.5342185903983657,
                0.676200204290092,
                0.7568947906026557,
                0.616956077630235,
                0.6332992849846782,
                0.7599591419816139,
                0.9284984678243106,
                1.0
            ],
            "ACC-AUC": 0.6548518896833503
        },
        "R-0.60": {
            "ROC-AUC": [
                0.24719101123595505,
                0.3718079673135853,
                0.4851889683350358,
                0.6077630234933605,
                0.6813074565883555,
                0.8089887640449438,
                0.6618998978549541,
                0.7466802860061287,
                0.916241062308478,
                1.0
            ],
            "ACC-AUC": 0.6527068437180796
        },
        "R-0.70": {
            "ROC-AUC": [
                0.23084780388151174,
                0.3595505617977528,
                0.4433094994892748,
                0.5474974463738509,
                0.6302349336057201,
                0.7272727272727273,
                0.8733401430030644,
                0.7722165474974464,
                0.9009193054136875,
                1.0
            ],
            "ACC-AUC": 0.6485188968335036
        },
        "R-0.80": {
            "ROC-AUC": [
                0.2247191011235955,
                0.35240040858018384,
                0.43922369765066394,
                0.48416751787538304,
                0.59244126659857,
                0.6465781409601634,
                0.7579162410623085,
                0.9050051072522982,
                0.8876404494382022,
                1.0
            ],
            "ACC-AUC": 0.6290091930541368
        },
        "R-0.90": {
            "ROC-AUC": [
                0.25025536261491316,
                0.34933605720122574,
                0.42288049029622066,
                0.49846782431052095,
                0.5730337078651685,
                0.6373850868232891,
                0.7191011235955056,
                0.8529111338100103,
                0.9540347293156282,
                1.0
            ],
            "ACC-AUC": 0.6257405515832483
        },
        "R-1.00": {
            "ROC-AUC": [
                0.24923391215526047,
                0.3687436159346272,
                0.43922369765066394,
                0.5188968335035751,
                0.5617977528089888,
                0.6322778345250255,
                0.7231869254341164,
                0.8294177732379979,
                0.947906026557712,
                1.0
            ],
            "ACC-AUC": 0.6270684371807966
        },
        "ROC-AUC": [
            0.3840653728294178,
            0.5127681307456589,
            0.6465781409601634,
            0.7099080694586313,
            0.7568947906026557,
            0.8089887640449438,
            0.8733401430030644,
            0.9050051072522982,
            0.9540347293156282,
            1.0
        ],
        "ACC-AUC": 0.7551583248212462
    }
}