{
    "ReFine-FT": {
        "ROC-AUC": [
            0.16036772216547499,
            0.3003064351378958,
            0.432073544433095,
            0.5035750766087844,
            0.5597548518896833,
            0.6210418794688458,
            0.7180796731358529,
            0.8386108273748724,
            0.9448416751787538,
            1.0
        ],
        "ACC-AUC": 0.6078651685393258,
        "Recall@5": "nan"
    },
    "ReFine": {
        "R-0.10": {
            "ROC-AUC": [
                0.3421859039836568,
                0.32482124616956076,
                0.44433094994892747,
                0.5117466802860061,
                0.575076608784474,
                0.6312563840653729,
                0.7374872318692544,
                0.8345250255362615,
                0.9387129724208376,
                1.0
            ],
            "ACC-AUC": 0.6340143003064351
        },
        "R-0.20": {
            "ROC-AUC": [
                0.30439223697650664,
                0.48927477017364657,
                0.45045965270684374,
                0.5035750766087844,
                0.5638406537282942,
                0.634320735444331,
                0.7160367722165475,
                0.8375893769152196,
                0.9387129724208376,
                1.0
            ],
            "ACC-AUC": 0.6438202247191012
        },
        "R-0.30": {
            "ROC-AUC": [
                0.28294177732379977,
                0.46884576098059244,
                0.651685393258427,
                0.5321756894790602,
                0.5546475995914198,
                0.609805924412666,
                0.7150153217568948,
                0.839632277834525,
                0.9366700715015321,
                1.0
            ],
            "ACC-AUC": 0.6591419816138917
        },
        "R-0.40": {
            "ROC-AUC": [
                0.2727272727272727,
                0.4351378958120531,
                0.5914198161389173,
                0.7180796731358529,
                0.6036772216547498,
                0.6006128702757916,
                0.693564862104188,
                0.8335035750766088,
                0.940755873340143,
                1.0
            ],
            "ACC-AUC": 0.6689479060265577
        },
        "R-0.50": {
            "ROC-AUC": [
                0.2676200204290092,
                0.40551583248212464,
                0.5148110316649642,
                0.6353421859039836,
                0.7640449438202247,
                0.6241062308478039,
                0.676200204290092,
                0.8335035750766088,
                0.9244126659856997,
                1.0
            ],
            "ACC-AUC": 0.664555669050051
        },
        "R-0.60": {
            "ROC-AUC": [
                0.2390194075587334,
                0.3718079673135853,
                0.4729315628192033,
                0.5699693564862104,
                0.669050051072523,
                0.8018386108273748,
                0.6731358529111338,
                0.780388151174668,
                0.9305413687436159,
                1.0
            ],
            "ACC-AUC": 0.6508682328907048
        },
        "R-0.70": {
            "ROC-AUC": [
                0.22778345250255363,
                0.3626149131767109,
                0.4616956077630235,
                0.5250255362614913,
                0.634320735444331,
                0.6925434116445353,
                0.8559754851889684,
                0.7824310520939735,
                0.916241062308478,
                1.0
            ],
            "ACC-AUC": 0.6458631256384065
        },
        "R-0.80": {
            "ROC-AUC": [
                0.22063329928498468,
                0.3421859039836568,
                0.4341164453524004,
                0.5097037793667007,
                0.5730337078651685,
                0.6475995914198162,
                0.7732379979570991,
                0.9203268641470889,
                0.9172625127681308,
                1.0
            ],
            "ACC-AUC": 0.6338100102145046
        },
        "R-0.90": {
            "ROC-AUC": [
                0.23493360572012256,
                0.36057201225740554,
                0.4371807967313585,
                0.5280898876404494,
                0.5893769152196119,
                0.6404494382022472,
                0.7303370786516854,
                0.8733401430030644,
                0.9560776302349336,
                1.0
            ],
            "ACC-AUC": 0.6350357507660878
        },
        "R-1.00": {
            "ROC-AUC": [
                0.2216547497446374,
                0.36670071501532175,
                0.46578140960163433,
                0.5066394279877426,
                0.5740551583248212,
                0.6312563840653729,
                0.7364657814096016,
                0.8529111338100103,
                0.9611848825331971,
                1.0
            ],
            "ACC-AUC": 0.6316649642492339
        },
        "ROC-AUC": [
            0.3421859039836568,
            0.48927477017364657,
            0.651685393258427,
            0.7180796731358529,
            0.7640449438202247,
            0.8018386108273748,
            0.8559754851889684,
            0.9203268641470889,
            0.9560776302349336,
            1.0
        ],
        "ACC-AUC": 0.7499489274770174
    }
}