{
    "ReFine-FT": {
        "ROC-AUC": [
            0.23186925434116445,
            0.33605720122574056,
            0.39632277834525026,
            0.4341164453524004,
            0.4525025536261491,
            0.5362614913176711,
            0.6332992849846782,
            0.8079673135852911,
            0.9244126659856997,
            1.0
        ],
        "ACC-AUC": 0.5752808988764044,
        "Recall@5": "nan"
    },
    "ReFine": {
        "R-0.10": {
            "ROC-AUC": [
                0.36772216547497444,
                0.3411644535240041,
                0.40755873340143,
                0.4851889683350358,
                0.5199182839632278,
                0.575076608784474,
                0.6629213483146067,
                0.7987742594484167,
                0.9295199182839632,
                1.0
            ],
            "ACC-AUC": 0.6087844739530133
        },
        "R-0.20": {
            "ROC-AUC": [
                0.31562819203268644,
                0.4851889683350358,
                0.40858018386108275,
                0.45352400408580185,
                0.5097037793667007,
                0.5689479060265578,
                0.6527068437180796,
                0.7854954034729316,
                0.923391215526047,
                1.0
            ],
            "ACC-AUC": 0.6103166496424924
        },
        "R-0.30": {
            "ROC-AUC": [
                0.2819203268641471,
                0.4698672114402451,
                0.5791624106230848,
                0.4933605720122574,
                0.48621041879468846,
                0.5556690500510725,
                0.6629213483146067,
                0.7946884576098059,
                0.9172625127681308,
                1.0
            ],
            "ACC-AUC": 0.6241062308478039
        },
        "R-0.40": {
            "ROC-AUC": [
                0.27987742594484166,
                0.3881511746680286,
                0.5403472931562819,
                0.669050051072523,
                0.5311542390194075,
                0.550561797752809,
                0.6241062308478039,
                0.7834525025536262,
                0.9223697650663942,
                1.0
            ],
            "ACC-AUC": 0.6289070480081715
        },
        "R-0.50": {
            "ROC-AUC": [
                0.26149131767109296,
                0.3585291113381001,
                0.4473953013278856,
                0.6006128702757916,
                0.7313585291113381,
                0.6006128702757916,
                0.6281920326864147,
                0.7824310520939735,
                0.9284984678243106,
                1.0
            ],
            "ACC-AUC": 0.6339121552604698
        },
        "R-0.60": {
            "ROC-AUC": [
                0.236976506639428,
                0.33299284984678246,
                0.4341164453524004,
                0.5280898876404494,
                0.6353421859039836,
                0.7793667007150153,
                0.6772216547497446,
                0.7528089887640449,
                0.9070480081716037,
                1.0
            ],
            "ACC-AUC": 0.6283963227783452
        },
        "R-0.70": {
            "ROC-AUC": [
                0.21450459652706844,
                0.32788559754851887,
                0.39427987742594484,
                0.491317671092952,
                0.5617977528089888,
                0.6598569969356486,
                0.8171603677221655,
                0.7824310520939735,
                0.8886618998978549,
                1.0
            ],
            "ACC-AUC": 0.6137895812053115
        },
        "R-0.80": {
            "ROC-AUC": [
                0.21961184882533197,
                0.3166496424923391,
                0.4167517875383044,
                0.48723186925434114,
                0.5464759959141982,
                0.634320735444331,
                0.7722165474974464,
                0.8978549540347294,
                0.8825331971399387,
                1.0
            ],
            "ACC-AUC": 0.6173646578140961
        },
        "R-0.90": {
            "ROC-AUC": [
                0.2257405515832482,
                0.33707865168539325,
                0.42390194075587334,
                0.48416751787538304,
                0.5280898876404494,
                0.6149131767109295,
                0.7313585291113381,
                0.8488253319713994,
                0.9489274770173647,
                1.0
            ],
            "ACC-AUC": 0.6143003064351379
        },
        "R-1.00": {
            "ROC-AUC": [
                0.23084780388151174,
                0.33605720122574056,
                0.41062308478038817,
                0.4811031664964249,
                0.5413687436159347,
                0.644535240040858,
                0.7303370786516854,
                0.8345250255362615,
                0.9387129724208376,
                1.0
            ],
            "ACC-AUC": 0.6148110316649642
        },
        "ROC-AUC": [
            0.36772216547497444,
            0.4851889683350358,
            0.5791624106230848,
            0.669050051072523,
            0.7313585291113381,
            0.7793667007150153,
            0.8171603677221655,
            0.8978549540347294,
            0.9489274770173647,
            1.0
        ],
        "ACC-AUC": 0.727579162410623
    }
}