{
    "ReFine-FT": {
        "ROC-AUC": [
            0.2226762002042901,
            0.296220633299285,
            0.34014300306435136,
            0.424923391215526,
            0.501532175689479,
            0.6006128702757916,
            0.7088866189989785,
            0.8488253319713994,
            0.9376915219611849,
            1.0
        ],
        "ACC-AUC": 0.5881511746680286,
        "Recall@5": "nan"
    },
    "ReFine": {
        "R-0.10": {
            "ROC-AUC": [
                0.3953013278855976,
                0.3289070480081716,
                0.3830439223697651,
                0.4923391215526047,
                0.5638406537282942,
                0.6312563840653729,
                0.7078651685393258,
                0.8375893769152196,
                0.9274770173646578,
                1.0
            ],
            "ACC-AUC": 0.626762002042901
        },
        "R-0.20": {
            "ROC-AUC": [
                0.355464759959142,
                0.4902962206332993,
                0.4187946884576098,
                0.48008171603677224,
                0.5270684371807968,
                0.6189989785495403,
                0.6945863125638406,
                0.839632277834525,
                0.9213483146067416,
                1.0
            ],
            "ACC-AUC": 0.6346271705822267
        },
        "R-0.30": {
            "ROC-AUC": [
                0.3023493360572012,
                0.5107252298263534,
                0.6281920326864147,
                0.5025536261491318,
                0.54341164453524,
                0.616956077630235,
                0.7180796731358529,
                0.832482124616956,
                0.940755873340143,
                1.0
            ],
            "ACC-AUC": 0.6595505617977527
        },
        "R-0.40": {
            "ROC-AUC": [
                0.27987742594484166,
                0.4065372829417773,
                0.5566905005107252,
                0.693564862104188,
                0.6189989785495403,
                0.609805924412666,
                0.6813074565883555,
                0.8365679264555669,
                0.9244126659856997,
                1.0
            ],
            "ACC-AUC": 0.660776302349336
        },
        "R-0.50": {
            "ROC-AUC": [
                0.2686414708886619,
                0.3799795709908069,
                0.48621041879468846,
                0.6465781409601634,
                0.7660878447395302,
                0.6506639427987743,
                0.7088866189989785,
                0.8171603677221655,
                0.9203268641470889,
                1.0
            ],
            "ACC-AUC": 0.6644535240040859
        },
        "R-0.60": {
            "ROC-AUC": [
                0.26149131767109296,
                0.34014300306435136,
                0.4290091930541369,
                0.5812053115423902,
                0.6680286006128703,
                0.8171603677221655,
                0.7221654749744637,
                0.7926455566905005,
                0.9203268641470889,
                1.0
            ],
            "ACC-AUC": 0.6532175689479061
        },
        "R-0.70": {
            "ROC-AUC": [
                0.2604698672114402,
                0.35137895812053116,
                0.41470888661899896,
                0.5097037793667007,
                0.6046986721144024,
                0.7191011235955056,
                0.86414708886619,
                0.804902962206333,
                0.898876404494382,
                1.0
            ],
            "ACC-AUC": 0.6427987742594483
        },
        "R-0.80": {
            "ROC-AUC": [
                0.23289070480081717,
                0.3258426966292135,
                0.3881511746680286,
                0.48927477017364657,
                0.5740551583248212,
                0.6506639427987743,
                0.8018386108273748,
                0.9223697650663942,
                0.9111338100102145,
                1.0
            ],
            "ACC-AUC": 0.6296220633299285
        },
        "R-0.90": {
            "ROC-AUC": [
                0.2574055158324821,
                0.33707865168539325,
                0.4279877425944842,
                0.48314606741573035,
                0.5648621041879469,
                0.6557711950970377,
                0.7558733401430031,
                0.881511746680286,
                0.9550561797752809,
                1.0
            ],
            "ACC-AUC": 0.6318692543411644
        },
        "R-1.00": {
            "ROC-AUC": [
                0.2574055158324821,
                0.3452502553626149,
                0.42288049029622066,
                0.49948927477017363,
                0.5812053115423902,
                0.6455566905005107,
                0.7507660878447395,
                0.8518896833503575,
                0.9397344228804902,
                1.0
            ],
            "ACC-AUC": 0.629417773237998
        },
        "ROC-AUC": [
            0.3953013278855976,
            0.4902962206332993,
            0.6281920326864147,
            0.693564862104188,
            0.7660878447395302,
            0.8171603677221655,
            0.86414708886619,
            0.9223697650663942,
            0.9550561797752809,
            1.0
        ],
        "ACC-AUC": 0.753217568947906
    }
}