{
    "ReFine-FT": {
        "ROC-AUC": [
            0.23391215526046988,
            0.3350357507660878,
            0.3881511746680286,
            0.4463738508682329,
            0.4821246169560776,
            0.5362614913176711,
            0.6302349336057201,
            0.7967313585291114,
            0.9305413687436159,
            1.0
        ],
        "ACC-AUC": 0.5779366700715015,
        "Recall@5": "nan"
    },
    "ReFine": {
        "R-0.10": {
            "ROC-AUC": [
                0.3871297242083759,
                0.32788559754851887,
                0.4014300306435138,
                0.48314606741573035,
                0.533197139938713,
                0.5985699693564862,
                0.669050051072523,
                0.804902962206333,
                0.9305413687436159,
                1.0
            ],
            "ACC-AUC": 0.613585291113381
        },
        "R-0.20": {
            "ROC-AUC": [
                0.32788559754851887,
                0.4923391215526047,
                0.41164453524004085,
                0.473953013278856,
                0.5229826353421859,
                0.5955056179775281,
                0.6608784473953013,
                0.7957099080694586,
                0.9346271705822268,
                1.0
            ],
            "ACC-AUC": 0.6215526046986721
        },
        "R-0.30": {
            "ROC-AUC": [
                0.2972420837589377,
                0.4729315628192033,
                0.6067415730337079,
                0.48927477017364657,
                0.5270684371807968,
                0.5546475995914198,
                0.6649642492339122,
                0.8059244126659857,
                0.9284984678243106,
                1.0
            ],
            "ACC-AUC": 0.634729315628192
        },
        "R-0.40": {
            "ROC-AUC": [
                0.2686414708886619,
                0.37895812053115424,
                0.5464759959141982,
                0.6680286006128703,
                0.5311542390194075,
                0.5699693564862104,
                0.6435137895812053,
                0.7885597548518897,
                0.9315628192032687,
                1.0
            ],
            "ACC-AUC": 0.6326864147088866
        },
        "R-0.50": {
            "ROC-AUC": [
                0.2696629213483146,
                0.36772216547497444,
                0.4698672114402451,
                0.5985699693564862,
                0.7415730337078652,
                0.5944841675178754,
                0.6557711950970377,
                0.7916241062308478,
                0.9346271705822268,
                1.0
            ],
            "ACC-AUC": 0.6423901940755872
        },
        "R-0.60": {
            "ROC-AUC": [
                0.2676200204290092,
                0.3452502553626149,
                0.43922369765066394,
                0.5209397344228804,
                0.6414708886618999,
                0.7834525025536262,
                0.6598569969356486,
                0.745658835546476,
                0.9131767109295199,
                1.0
            ],
            "ACC-AUC": 0.6316649642492338
        },
        "R-0.70": {
            "ROC-AUC": [
                0.23289070480081717,
                0.31869254341164455,
                0.4167517875383044,
                0.48723186925434114,
                0.5760980592441267,
                0.6618998978549541,
                0.822267620020429,
                0.7752808988764045,
                0.9009193054136875,
                1.0
            ],
            "ACC-AUC": 0.6192032686414709
        },
        "R-0.80": {
            "ROC-AUC": [
                0.254341164453524,
                0.3084780388151175,
                0.39632277834525026,
                0.4882533197139939,
                0.5566905005107252,
                0.6363636363636364,
                0.7824310520939735,
                0.898876404494382,
                0.8958120531154239,
                1.0
            ],
            "ACC-AUC": 0.6217568947906027
        },
        "R-0.90": {
            "ROC-AUC": [
                0.26557711950970375,
                0.3452502553626149,
                0.41470888661899896,
                0.48723186925434114,
                0.575076608784474,
                0.6118488253319714,
                0.7180796731358529,
                0.856996935648621,
                0.9601634320735445,
                1.0
            ],
            "ACC-AUC": 0.6234933605720123
        },
        "R-1.00": {
            "ROC-AUC": [
                0.25638406537282943,
                0.34014300306435136,
                0.39427987742594484,
                0.4780388151174668,
                0.5781409601634321,
                0.6353421859039836,
                0.7170582226762002,
                0.8488253319713994,
                0.9458631256384066,
                1.0
            ],
            "ACC-AUC": 0.6194075587334014
        },
        "ROC-AUC": [
            0.3871297242083759,
            0.4923391215526047,
            0.6067415730337079,
            0.6680286006128703,
            0.7415730337078652,
            0.7834525025536262,
            0.822267620020429,
            0.898876404494382,
            0.9601634320735445,
            1.0
        ],
        "ACC-AUC": 0.7360572012257405
    }
}