{
    "ReFine-FT": {
        "ROC-AUC": [
            0.5935162094763092,
            0.5960099750623441,
            0.5960099750623441,
            0.6384039900249376,
            0.6932668329177057,
            0.7356608478802993,
            0.7605985037406484,
            0.8104738154613467,
            0.8753117206982544,
            1.0
        ],
        "ACC-AUC": 0.7299251870324189,
        "Recall@5": "nan"
    },
    "ReFine": {
        "R-0.10": {
            "ROC-AUC": [
                0.6408977556109726,
                0.6059850374064838,
                0.6458852867830424,
                0.6583541147132169,
                0.6758104738154613,
                0.6982543640897756,
                0.713216957605985,
                0.800498753117207,
                0.8753117206982544,
                1.0
            ],
            "ACC-AUC": 0.7314214463840398
        },
        "R-0.20": {
            "ROC-AUC": [
                0.6384039900249376,
                0.6957605985037406,
                0.6733167082294265,
                0.6483790523690773,
                0.6633416458852868,
                0.7107231920199502,
                0.7281795511221946,
                0.8154613466334164,
                0.8902743142144638,
                1.0
            ],
            "ACC-AUC": 0.7463840399002495
        },
        "R-0.30": {
            "ROC-AUC": [
                0.6234413965087282,
                0.7082294264339152,
                0.7680798004987531,
                0.7581047381546134,
                0.6957605985037406,
                0.71571072319202,
                0.7256857855361596,
                0.8079800498753117,
                0.8927680798004988,
                1.0
            ],
            "ACC-AUC": 0.769576059850374
        },
        "R-0.40": {
            "ROC-AUC": [
                0.600997506234414,
                0.6658354114713217,
                0.7630922693266833,
                0.8179551122194514,
                0.7630922693266833,
                0.7481296758104738,
                0.7655860349127181,
                0.8054862842892768,
                0.8778054862842892,
                1.0
            ],
            "ACC-AUC": 0.7807980049875312
        },
        "R-0.50": {
            "ROC-AUC": [
                0.6034912718204489,
                0.6458852867830424,
                0.7281795511221946,
                0.8428927680798005,
                0.8703241895261845,
                0.8204488778054863,
                0.800498753117207,
                0.8379052369077307,
                0.8653366583541147,
                1.0
            ],
            "ACC-AUC": 0.8014962593516209
        },
        "R-0.60": {
            "ROC-AUC": [
                0.6159600997506235,
                0.6458852867830424,
                0.6982543640897756,
                0.7905236907730673,
                0.8603491271820449,
                0.8778054862842892,
                0.8229426433915212,
                0.8453865336658354,
                0.8952618453865336,
                1.0
            ],
            "ACC-AUC": 0.8052369077306732
        },
        "R-0.70": {
            "ROC-AUC": [
                0.6184538653366584,
                0.6533665835411472,
                0.6907730673316709,
                0.7605985037406484,
                0.827930174563591,
                0.912718204488778,
                0.9027431421446384,
                0.8927680798004988,
                0.9077306733167082,
                1.0
            ],
            "ACC-AUC": 0.816708229426434
        },
        "R-0.80": {
            "ROC-AUC": [
                0.5960099750623441,
                0.6209476309226932,
                0.6783042394014963,
                0.7506234413965087,
                0.8079800498753117,
                0.8877805486284289,
                0.9301745635910225,
                0.942643391521197,
                0.8952618453865336,
                1.0
            ],
            "ACC-AUC": 0.8109725685785536
        },
        "R-0.90": {
            "ROC-AUC": [
                0.6159600997506235,
                0.6134663341645885,
                0.6583541147132169,
                0.6982543640897756,
                0.7955112219451371,
                0.8753117206982544,
                0.912718204488778,
                0.9600997506234414,
                0.942643391521197,
                1.0
            ],
            "ACC-AUC": 0.8072319201995011
        },
        "R-1.00": {
            "ROC-AUC": [
                0.5810473815461347,
                0.6384039900249376,
                0.6708229426433915,
                0.7331670822942643,
                0.8054862842892768,
                0.8753117206982544,
                0.9102244389027432,
                0.9376558603491272,
                0.9526184538653366,
                1.0
            ],
            "ACC-AUC": 0.8104738154613467
        },
        "ROC-AUC": [
            0.6408977556109726,
            0.6957605985037406,
            0.7680798004987531,
            0.8179551122194514,
            0.8703241895261845,
            0.8778054862842892,
            0.9027431421446384,
            0.942643391521197,
            0.942643391521197,
            1.0
        ],
        "ACC-AUC": 0.8458852867830423
    }
}