{
    "ReFine-FT": {
        "ROC-AUC": [
            0.9301745635910225,
            0.9625935162094763,
            0.970074812967581,
            0.9650872817955112,
            0.9675810473815462,
            0.9576059850374065,
            0.9376558603491272,
            0.9276807980049875,
            0.9201995012468828,
            1.0
        ],
        "ACC-AUC": 0.953865336658354,
        "Recall@5": "nan"
    },
    "ReFine": {
        "R-0.10": {
            "ROC-AUC": [
                0.942643391521197,
                0.9526184538653366,
                0.9600997506234414,
                0.9476309226932669,
                0.9501246882793017,
                0.9376558603491272,
                0.9226932668329177,
                0.9177057356608479,
                0.8778054862842892,
                1.0
            ],
            "ACC-AUC": 0.9408977556109726
        },
        "R-0.20": {
            "ROC-AUC": [
                0.9600997506234414,
                0.9576059850374065,
                0.9576059850374065,
                0.9625935162094763,
                0.9576059850374065,
                0.940149625935162,
                0.9251870324189526,
                0.9102244389027432,
                0.8778054862842892,
                1.0
            ],
            "ACC-AUC": 0.9448877805486285
        },
        "R-0.30": {
            "ROC-AUC": [
                0.9376558603491272,
                0.9675810473815462,
                0.9650872817955112,
                0.9576059850374065,
                0.9625935162094763,
                0.940149625935162,
                0.9226932668329177,
                0.8927680798004988,
                0.8802992518703242,
                1.0
            ],
            "ACC-AUC": 0.9426433915211969
        },
        "R-0.40": {
            "ROC-AUC": [
                0.942643391521197,
                0.9625935162094763,
                0.9650872817955112,
                0.970074812967581,
                0.970074812967581,
                0.9276807980049875,
                0.9027431421446384,
                0.885286783042394,
                0.885286783042394,
                1.0
            ],
            "ACC-AUC": 0.941147132169576
        },
        "R-0.50": {
            "ROC-AUC": [
                0.942643391521197,
                0.9675810473815462,
                0.9600997506234414,
                0.9600997506234414,
                0.9576059850374065,
                0.9251870324189526,
                0.8927680798004988,
                0.8628428927680798,
                0.8802992518703242,
                1.0
            ],
            "ACC-AUC": 0.9349127182044888
        },
        "R-0.60": {
            "ROC-AUC": [
                0.940149625935162,
                0.9650872817955112,
                0.9650872817955112,
                0.9650872817955112,
                0.9625935162094763,
                0.9326683291770573,
                0.9002493765586035,
                0.85785536159601,
                0.8802992518703242,
                1.0
            ],
            "ACC-AUC": 0.9369077306733168
        },
        "R-0.70": {
            "ROC-AUC": [
                0.9501246882793017,
                0.9675810473815462,
                0.9625935162094763,
                0.9551122194513716,
                0.9576059850374065,
                0.9301745635910225,
                0.885286783042394,
                0.8528678304239401,
                0.8628428927680798,
                1.0
            ],
            "ACC-AUC": 0.932418952618454
        },
        "R-0.80": {
            "ROC-AUC": [
                0.940149625935162,
                0.9625935162094763,
                0.9675810473815462,
                0.9551122194513716,
                0.970074812967581,
                0.9251870324189526,
                0.8778054862842892,
                0.8453865336658354,
                0.8528678304239401,
                1.0
            ],
            "ACC-AUC": 0.9296758104738154
        },
        "R-0.90": {
            "ROC-AUC": [
                0.942643391521197,
                0.9526184538653366,
                0.9600997506234414,
                0.9376558603491272,
                0.9476309226932669,
                0.9301745635910225,
                0.8778054862842892,
                0.85785536159601,
                0.8678304239401496,
                1.0
            ],
            "ACC-AUC": 0.9274314214463841
        },
        "R-1.00": {
            "ROC-AUC": [
                0.9276807980049875,
                0.9551122194513716,
                0.9476309226932669,
                0.9451371571072319,
                0.9451371571072319,
                0.9276807980049875,
                0.8827930174563591,
                0.830423940149626,
                0.8603491271820449,
                1.0
            ],
            "ACC-AUC": 0.9221945137157108
        },
        "ROC-AUC": [
            0.942643391521197,
            0.9576059850374065,
            0.9650872817955112,
            0.970074812967581,
            0.9576059850374065,
            0.9326683291770573,
            0.885286783042394,
            0.8453865336658354,
            0.8678304239401496,
            1.0
        ],
        "ACC-AUC": 0.9324189526184539
    }
}