{
    "ReFine-FT": {
        "ROC-AUC": [
            0.9800498753117207,
            0.9675810473815462,
            0.970074812967581,
            0.9675810473815462,
            0.9675810473815462,
            0.940149625935162,
            0.9177057356608479,
            0.9052369077306733,
            0.9376558603491272,
            1.0
        ],
        "ACC-AUC": 0.955361596009975,
        "Recall@5": "nan"
    },
    "ReFine": {
        "R-0.10": {
            "ROC-AUC": [
                0.9576059850374065,
                0.9650872817955112,
                0.9576059850374065,
                0.9551122194513716,
                0.9526184538653366,
                0.9476309226932669,
                0.9177057356608479,
                0.9152119700748129,
                0.9102244389027432,
                1.0
            ],
            "ACC-AUC": 0.9478802992518703
        },
        "R-0.20": {
            "ROC-AUC": [
                0.9600997506234414,
                0.9750623441396509,
                0.9625935162094763,
                0.9501246882793017,
                0.942643391521197,
                0.9376558603491272,
                0.9201995012468828,
                0.9226932668329177,
                0.9251870324189526,
                1.0
            ],
            "ACC-AUC": 0.9496259351620948
        },
        "R-0.30": {
            "ROC-AUC": [
                0.9625935162094763,
                0.9775561097256857,
                0.9650872817955112,
                0.9501246882793017,
                0.940149625935162,
                0.9177057356608479,
                0.8952618453865336,
                0.8927680798004988,
                0.9177057356608479,
                1.0
            ],
            "ACC-AUC": 0.9418952618453865
        },
        "R-0.40": {
            "ROC-AUC": [
                0.9600997506234414,
                0.9825436408977556,
                0.970074812967581,
                0.9526184538653366,
                0.9451371571072319,
                0.9201995012468828,
                0.885286783042394,
                0.8728179551122195,
                0.9102244389027432,
                1.0
            ],
            "ACC-AUC": 0.9399002493765586
        },
        "R-0.50": {
            "ROC-AUC": [
                0.9600997506234414,
                0.9850374064837906,
                0.970074812967581,
                0.9675810473815462,
                0.9476309226932669,
                0.9251870324189526,
                0.8977556109725686,
                0.885286783042394,
                0.912718204488778,
                1.0
            ],
            "ACC-AUC": 0.945137157107232
        },
        "R-0.60": {
            "ROC-AUC": [
                0.9526184538653366,
                0.9800498753117207,
                0.9675810473815462,
                0.9600997506234414,
                0.9600997506234414,
                0.9576059850374065,
                0.9177057356608479,
                0.9002493765586035,
                0.8952618453865336,
                1.0
            ],
            "ACC-AUC": 0.9491271820448878
        },
        "R-0.70": {
            "ROC-AUC": [
                0.9476309226932669,
                0.972568578553616,
                0.9675810473815462,
                0.9576059850374065,
                0.9551122194513716,
                0.9476309226932669,
                0.9251870324189526,
                0.9177057356608479,
                0.9077306733167082,
                1.0
            ],
            "ACC-AUC": 0.9498753117206983
        },
        "R-0.80": {
            "ROC-AUC": [
                0.9451371571072319,
                0.9576059850374065,
                0.9650872817955112,
                0.9526184538653366,
                0.942643391521197,
                0.942643391521197,
                0.9177057356608479,
                0.8977556109725686,
                0.9002493765586035,
                1.0
            ],
            "ACC-AUC": 0.94214463840399
        },
        "R-0.90": {
            "ROC-AUC": [
                0.9600997506234414,
                0.9551122194513716,
                0.9526184538653366,
                0.9376558603491272,
                0.942643391521197,
                0.9301745635910225,
                0.9177057356608479,
                0.8977556109725686,
                0.8927680798004988,
                1.0
            ],
            "ACC-AUC": 0.9386533665835411
        },
        "R-1.00": {
            "ROC-AUC": [
                0.9476309226932669,
                0.9576059850374065,
                0.9501246882793017,
                0.9551122194513716,
                0.9326683291770573,
                0.940149625935162,
                0.9251870324189526,
                0.9251870324189526,
                0.9152119700748129,
                1.0
            ],
            "ACC-AUC": 0.9448877805486283
        },
        "ROC-AUC": [
            0.9576059850374065,
            0.9750623441396509,
            0.9650872817955112,
            0.9526184538653366,
            0.9476309226932669,
            0.9576059850374065,
            0.9251870324189526,
            0.8977556109725686,
            0.8927680798004988,
            1.0
        ],
        "ACC-AUC": 0.94713216957606
    }
}