{
    "ReFine-FT": {
        "ROC-AUC": [
            0.9600997506234414,
            0.9625935162094763,
            0.9551122194513716,
            0.9576059850374065,
            0.9675810473815462,
            0.972568578553616,
            0.9501246882793017,
            0.942643391521197,
            0.9276807980049875,
            1.0
        ],
        "ACC-AUC": 0.9596009975062344,
        "Recall@5": "nan"
    },
    "ReFine": {
        "R-0.10": {
            "ROC-AUC": [
                0.9625935162094763,
                0.942643391521197,
                0.9476309226932669,
                0.940149625935162,
                0.940149625935162,
                0.9451371571072319,
                0.9251870324189526,
                0.9152119700748129,
                0.8877805486284289,
                1.0
            ],
            "ACC-AUC": 0.9406483790523691
        },
        "R-0.20": {
            "ROC-AUC": [
                0.9675810473815462,
                0.9351620947630923,
                0.9177057356608479,
                0.9476309226932669,
                0.940149625935162,
                0.9451371571072319,
                0.9301745635910225,
                0.9177057356608479,
                0.9002493765586035,
                1.0
            ],
            "ACC-AUC": 0.940149625935162
        },
        "R-0.30": {
            "ROC-AUC": [
                0.9675810473815462,
                0.9451371571072319,
                0.942643391521197,
                0.940149625935162,
                0.9451371571072319,
                0.9326683291770573,
                0.9251870324189526,
                0.9102244389027432,
                0.8952618453865336,
                1.0
            ],
            "ACC-AUC": 0.9403990024937656
        },
        "R-0.40": {
            "ROC-AUC": [
                0.970074812967581,
                0.9625935162094763,
                0.9675810473815462,
                0.9675810473815462,
                0.9551122194513716,
                0.9276807980049875,
                0.9152119700748129,
                0.8927680798004988,
                0.8877805486284289,
                1.0
            ],
            "ACC-AUC": 0.9446384039900249
        },
        "R-0.50": {
            "ROC-AUC": [
                0.9750623441396509,
                0.9750623441396509,
                0.9675810473815462,
                0.972568578553616,
                0.9625935162094763,
                0.9152119700748129,
                0.8678304239401496,
                0.8902743142144638,
                0.8902743142144638,
                1.0
            ],
            "ACC-AUC": 0.9416458852867831
        },
        "R-0.60": {
            "ROC-AUC": [
                0.9625935162094763,
                0.9501246882793017,
                0.9551122194513716,
                0.9600997506234414,
                0.9576059850374065,
                0.9301745635910225,
                0.9002493765586035,
                0.8902743142144638,
                0.8927680798004988,
                1.0
            ],
            "ACC-AUC": 0.9399002493765586
        },
        "R-0.70": {
            "ROC-AUC": [
                0.9625935162094763,
                0.942643391521197,
                0.9376558603491272,
                0.9551122194513716,
                0.9376558603491272,
                0.9201995012468828,
                0.9152119700748129,
                0.9002493765586035,
                0.9077306733167082,
                1.0
            ],
            "ACC-AUC": 0.9379052369077308
        },
        "R-0.80": {
            "ROC-AUC": [
                0.9551122194513716,
                0.942643391521197,
                0.9376558603491272,
                0.9376558603491272,
                0.940149625935162,
                0.9351620947630923,
                0.9201995012468828,
                0.8952618453865336,
                0.8977556109725686,
                1.0
            ],
            "ACC-AUC": 0.9361596009975063
        },
        "R-0.90": {
            "ROC-AUC": [
                0.942643391521197,
                0.9251870324189526,
                0.9301745635910225,
                0.942643391521197,
                0.9451371571072319,
                0.9351620947630923,
                0.912718204488778,
                0.8952618453865336,
                0.8802992518703242,
                1.0
            ],
            "ACC-AUC": 0.9309226932668329
        },
        "R-1.00": {
            "ROC-AUC": [
                0.9201995012468828,
                0.912718204488778,
                0.9226932668329177,
                0.9177057356608479,
                0.9201995012468828,
                0.942643391521197,
                0.9002493765586035,
                0.9027431421446384,
                0.8952618453865336,
                1.0
            ],
            "ACC-AUC": 0.9234413965087281
        },
        "ROC-AUC": [
            0.9625935162094763,
            0.9351620947630923,
            0.942643391521197,
            0.9675810473815462,
            0.9625935162094763,
            0.9301745635910225,
            0.9152119700748129,
            0.8952618453865336,
            0.8802992518703242,
            1.0
        ],
        "ACC-AUC": 0.9391521197007482
    }
}