{
    "ReFine-FT": {
        "ROC-AUC": [
            0.7830423940149626,
            0.7306733167082294,
            0.7680798004987531,
            0.8403990024937655,
            0.8354114713216958,
            0.7506234413965087,
            0.7306733167082294,
            0.830423940149626,
            0.8628428927680798,
            1.0
        ],
        "ACC-AUC": 0.813216957605985,
        "Recall@5": "nan"
    },
    "ReFine": {
        "R-0.10": {
            "ROC-AUC": [
                0.8054862842892768,
                0.7680798004987531,
                0.770573566084788,
                0.8254364089775561,
                0.8204488778054863,
                0.7481296758104738,
                0.7231920199501247,
                0.8129675810473815,
                0.8603491271820449,
                1.0
            ],
            "ACC-AUC": 0.8134663341645887
        },
        "R-0.20": {
            "ROC-AUC": [
                0.7930174563591023,
                0.7680798004987531,
                0.7830423940149626,
                0.8254364089775561,
                0.8229426433915212,
                0.7481296758104738,
                0.7256857855361596,
                0.8229426433915212,
                0.8603491271820449,
                1.0
            ],
            "ACC-AUC": 0.8149625935162096
        },
        "R-0.30": {
            "ROC-AUC": [
                0.7905236907730673,
                0.7830423940149626,
                0.7980049875311721,
                0.827930174563591,
                0.8154613466334164,
                0.7506234413965087,
                0.7231920199501247,
                0.8154613466334164,
                0.85785536159601,
                1.0
            ],
            "ACC-AUC": 0.816209476309227
        },
        "R-0.40": {
            "ROC-AUC": [
                0.773067331670823,
                0.7830423940149626,
                0.800498753117207,
                0.827930174563591,
                0.8054862842892768,
                0.7481296758104738,
                0.7256857855361596,
                0.8179551122194514,
                0.85785536159601,
                1.0
            ],
            "ACC-AUC": 0.8139650872817956
        },
        "R-0.50": {
            "ROC-AUC": [
                0.7930174563591023,
                0.7655860349127181,
                0.800498753117207,
                0.8528678304239401,
                0.8329177057356608,
                0.7506234413965087,
                0.7306733167082294,
                0.8079800498753117,
                0.8603491271820449,
                1.0
            ],
            "ACC-AUC": 0.8194513715710723
        },
        "R-0.60": {
            "ROC-AUC": [
                0.7930174563591023,
                0.7556109725685786,
                0.7980049875311721,
                0.8603491271820449,
                0.8453865336658354,
                0.7581047381546134,
                0.7306733167082294,
                0.8179551122194514,
                0.8653366583541147,
                1.0
            ],
            "ACC-AUC": 0.8224438902743142
        },
        "R-0.70": {
            "ROC-AUC": [
                0.7880299251870324,
                0.743142144638404,
                0.7930174563591023,
                0.8528678304239401,
                0.8553615960099751,
                0.7905236907730673,
                0.7281795511221946,
                0.8129675810473815,
                0.8503740648379052,
                1.0
            ],
            "ACC-AUC": 0.8214463840399002
        },
        "R-0.80": {
            "ROC-AUC": [
                0.7930174563591023,
                0.743142144638404,
                0.7980049875311721,
                0.85785536159601,
                0.8478802992518704,
                0.7755610972568578,
                0.7306733167082294,
                0.8179551122194514,
                0.8553615960099751,
                1.0
            ],
            "ACC-AUC": 0.8219451371571072
        },
        "R-0.90": {
            "ROC-AUC": [
                0.8029925187032418,
                0.7456359102244389,
                0.7905236907730673,
                0.8503740648379052,
                0.8453865336658354,
                0.7755610972568578,
                0.770573566084788,
                0.8354114713216958,
                0.8703241895261845,
                1.0
            ],
            "ACC-AUC": 0.8286783042394014
        },
        "R-1.00": {
            "ROC-AUC": [
                0.8104738154613467,
                0.7581047381546134,
                0.800498753117207,
                0.8553615960099751,
                0.830423940149626,
                0.7556109725685786,
                0.7605985037406484,
                0.8254364089775561,
                0.8703241895261845,
                1.0
            ],
            "ACC-AUC": 0.8266832917705734
        },
        "ROC-AUC": [
            0.8054862842892768,
            0.7680798004987531,
            0.7980049875311721,
            0.827930174563591,
            0.8329177057356608,
            0.7581047381546134,
            0.7281795511221946,
            0.8179551122194514,
            0.8703241895261845,
            1.0
        ],
        "ACC-AUC": 0.8206982543640897
    }
}