{
    "ReFine-FT": {
        "ROC-AUC": [
            0.972568578553616,
            0.9750623441396509,
            0.972568578553616,
            0.9625935162094763,
            0.9625935162094763,
            0.9476309226932669,
            0.9301745635910225,
            0.9376558603491272,
            0.9501246882793017,
            1.0
        ],
        "ACC-AUC": 0.9610972568578553,
        "Recall@5": "nan"
    },
    "ReFine": {
        "R-0.10": {
            "ROC-AUC": [
                0.9775561097256857,
                0.9650872817955112,
                0.9576059850374065,
                0.9576059850374065,
                0.9576059850374065,
                0.9476309226932669,
                0.9251870324189526,
                0.9201995012468828,
                0.9476309226932669,
                1.0
            ],
            "ACC-AUC": 0.9556109725685786
        },
        "R-0.20": {
            "ROC-AUC": [
                0.972568578553616,
                0.970074812967581,
                0.9625935162094763,
                0.9625935162094763,
                0.9476309226932669,
                0.9301745635910225,
                0.912718204488778,
                0.9102244389027432,
                0.940149625935162,
                1.0
            ],
            "ACC-AUC": 0.9508728179551122
        },
        "R-0.30": {
            "ROC-AUC": [
                0.9600997506234414,
                0.9800498753117207,
                0.972568578553616,
                0.9600997506234414,
                0.9501246882793017,
                0.9551122194513716,
                0.9152119700748129,
                0.885286783042394,
                0.9201995012468828,
                1.0
            ],
            "ACC-AUC": 0.9498753117206983
        },
        "R-0.40": {
            "ROC-AUC": [
                0.9775561097256857,
                0.9800498753117207,
                0.9875311720698254,
                0.9750623441396509,
                0.9650872817955112,
                0.9501246882793017,
                0.9177057356608479,
                0.8927680798004988,
                0.9177057356608479,
                1.0
            ],
            "ACC-AUC": 0.9563591022443889
        },
        "R-0.50": {
            "ROC-AUC": [
                0.972568578553616,
                0.9875311720698254,
                0.9850374064837906,
                0.970074812967581,
                0.9625935162094763,
                0.9476309226932669,
                0.9251870324189526,
                0.8827930174563591,
                0.9276807980049875,
                1.0
            ],
            "ACC-AUC": 0.9561097256857854
        },
        "R-0.60": {
            "ROC-AUC": [
                0.9625935162094763,
                0.9750623441396509,
                0.9800498753117207,
                0.970074812967581,
                0.970074812967581,
                0.9576059850374065,
                0.9201995012468828,
                0.9027431421446384,
                0.942643391521197,
                1.0
            ],
            "ACC-AUC": 0.9581047381546135
        },
        "R-0.70": {
            "ROC-AUC": [
                0.9600997506234414,
                0.9800498753117207,
                0.9850374064837906,
                0.970074812967581,
                0.972568578553616,
                0.972568578553616,
                0.942643391521197,
                0.9002493765586035,
                0.9451371571072319,
                1.0
            ],
            "ACC-AUC": 0.9628428927680798
        },
        "R-0.80": {
            "ROC-AUC": [
                0.9600997506234414,
                0.972568578553616,
                0.970074812967581,
                0.9501246882793017,
                0.9625935162094763,
                0.9675810473815462,
                0.9451371571072319,
                0.9152119700748129,
                0.9351620947630923,
                1.0
            ],
            "ACC-AUC": 0.9578553615960098
        },
        "R-0.90": {
            "ROC-AUC": [
                0.9476309226932669,
                0.9625935162094763,
                0.9625935162094763,
                0.9576059850374065,
                0.9576059850374065,
                0.9600997506234414,
                0.9451371571072319,
                0.9201995012468828,
                0.9226932668329177,
                1.0
            ],
            "ACC-AUC": 0.9536159600997507
        },
        "R-1.00": {
            "ROC-AUC": [
                0.9576059850374065,
                0.9526184538653366,
                0.9501246882793017,
                0.9551122194513716,
                0.9501246882793017,
                0.9600997506234414,
                0.9451371571072319,
                0.9152119700748129,
                0.942643391521197,
                1.0
            ],
            "ACC-AUC": 0.9528678304239401
        },
        "ROC-AUC": [
            0.9775561097256857,
            0.970074812967581,
            0.972568578553616,
            0.9750623441396509,
            0.9625935162094763,
            0.9576059850374065,
            0.942643391521197,
            0.9152119700748129,
            0.9226932668329177,
            1.0
        ],
        "ACC-AUC": 0.9596009975062344
    }
}