{
    "ReFine-FT": {
        "ROC-AUC": [
            0.9850374064837906,
            0.9825436408977556,
            0.9825436408977556,
            0.9576059850374065,
            0.9576059850374065,
            0.942643391521197,
            0.9301745635910225,
            0.9102244389027432,
            0.9501246882793017,
            1.0
        ],
        "ACC-AUC": 0.9598503740648379,
        "Recall@5": "nan"
    },
    "ReFine": {
        "R-0.10": {
            "ROC-AUC": [
                0.9825436408977556,
                0.9825436408977556,
                0.9800498753117207,
                0.9675810473815462,
                0.9501246882793017,
                0.9376558603491272,
                0.9177057356608479,
                0.9052369077306733,
                0.9351620947630923,
                1.0
            ],
            "ACC-AUC": 0.955860349127182
        },
        "R-0.20": {
            "ROC-AUC": [
                0.9850374064837906,
                0.972568578553616,
                0.972568578553616,
                0.9775561097256857,
                0.9501246882793017,
                0.942643391521197,
                0.9152119700748129,
                0.912718204488778,
                0.9301745635910225,
                1.0
            ],
            "ACC-AUC": 0.955860349127182
        },
        "R-0.30": {
            "ROC-AUC": [
                0.972568578553616,
                0.9925187032418953,
                0.9875311720698254,
                0.9650872817955112,
                0.9600997506234414,
                0.9351620947630923,
                0.9152119700748129,
                0.8778054862842892,
                0.9052369077306733,
                1.0
            ],
            "ACC-AUC": 0.9511221945137157
        },
        "R-0.40": {
            "ROC-AUC": [
                0.9750623441396509,
                0.9950124688279302,
                0.9875311720698254,
                0.9750623441396509,
                0.9576059850374065,
                0.940149625935162,
                0.9301745635910225,
                0.8927680798004988,
                0.912718204488778,
                1.0
            ],
            "ACC-AUC": 0.9566084788029926
        },
        "R-0.50": {
            "ROC-AUC": [
                0.970074812967581,
                0.9825436408977556,
                0.9825436408977556,
                0.970074812967581,
                0.9750623441396509,
                0.9526184538653366,
                0.9326683291770573,
                0.9002493765586035,
                0.9102244389027432,
                1.0
            ],
            "ACC-AUC": 0.9576059850374066
        },
        "R-0.60": {
            "ROC-AUC": [
                0.972568578553616,
                0.9775561097256857,
                0.9900249376558603,
                0.9775561097256857,
                0.9650872817955112,
                0.940149625935162,
                0.9027431421446384,
                0.8877805486284289,
                0.9152119700748129,
                1.0
            ],
            "ACC-AUC": 0.9528678304239401
        },
        "R-0.70": {
            "ROC-AUC": [
                0.972568578553616,
                0.9800498753117207,
                0.9825436408977556,
                0.9750623441396509,
                0.9650872817955112,
                0.9376558603491272,
                0.9102244389027432,
                0.8977556109725686,
                0.9201995012468828,
                1.0
            ],
            "ACC-AUC": 0.9541147132169575
        },
        "R-0.80": {
            "ROC-AUC": [
                0.9625935162094763,
                0.9775561097256857,
                0.9875311720698254,
                0.9625935162094763,
                0.9625935162094763,
                0.9351620947630923,
                0.9052369077306733,
                0.8778054862842892,
                0.9177057356608479,
                1.0
            ],
            "ACC-AUC": 0.9488778054862843
        },
        "R-0.90": {
            "ROC-AUC": [
                0.9625935162094763,
                0.9775561097256857,
                0.9800498753117207,
                0.9576059850374065,
                0.9451371571072319,
                0.9226932668329177,
                0.9027431421446384,
                0.8802992518703242,
                0.9052369077306733,
                1.0
            ],
            "ACC-AUC": 0.9433915211970074
        },
        "R-1.00": {
            "ROC-AUC": [
                0.9625935162094763,
                0.9650872817955112,
                0.9800498753117207,
                0.9625935162094763,
                0.9526184538653366,
                0.9226932668329177,
                0.8977556109725686,
                0.8703241895261845,
                0.9102244389027432,
                1.0
            ],
            "ACC-AUC": 0.9423940149625935
        },
        "ROC-AUC": [
            0.9825436408977556,
            0.972568578553616,
            0.9875311720698254,
            0.9750623441396509,
            0.9750623441396509,
            0.940149625935162,
            0.9102244389027432,
            0.8778054862842892,
            0.9052369077306733,
            1.0
        ],
        "ACC-AUC": 0.9526184538653366
    }
}