{
    "PgExplainer": {
        "ROC-AUC": [
            0.30982367758186397,
            0.30982367758186397,
            0.30982367758186397,
            0.3602015113350126,
            0.3677581863979849,
            0.5037783375314862,
            0.6498740554156172,
            0.8513853904282116,
            0.9899244332493703,
            1.0
        ],
        "ACC-AUC": 0.5652392947103275,
        "Recall@5": 0.2958562777832299
    }
}