{
    "PgExplainer": {
        "ROC-AUC": [
            0.30730478589420657,
            0.3123425692695214,
            0.31738035264483627,
            0.35516372795969775,
            0.380352644836272,
            0.5516372795969773,
            0.6574307304785895,
            0.8136020151133502,
            0.9949622166246851,
            0.9974811083123426
        ],
        "ACC-AUC": 0.568765743073048,
        "Recall@5": 0.2958562777832299
    }
}