{
    "PgExplainer": {
        "ROC-AUC": [
            0.30730478589420657,
            0.30982367758186397,
            0.3123425692695214,
            0.3677581863979849,
            0.37279596977329976,
            0.5390428211586902,
            0.6423173803526449,
            0.8261964735516373,
            0.9798488664987406,
            0.9974811083123426
        ],
        "ACC-AUC": 0.5654911838790933,
        "Recall@5": 0.2958562777832299
    }
}