{
    "PgExplainer": {
        "ROC-AUC": [
            0.19101123595505617,
            0.21144024514811033,
            0.25638406537282943,
            0.3442288049029622,
            0.41164453524004085,
            0.5168539325842697,
            0.669050051072523,
            0.8375893769152196,
            0.9499489274770173,
            1.0
        ],
        "ACC-AUC": 0.5388151174668028,
        "Recall@5": "nan"
    }
}