{
    "PgExplainer": {
        "ROC-AUC": [
            0.5461346633416458,
            0.5635910224438903,
            0.5985037406483791,
            0.6084788029925187,
            0.6184538653366584,
            0.6508728179551122,
            0.6733167082294265,
            0.7182044887780549,
            0.8553615960099751,
            1.0
        ],
        "ACC-AUC": 0.6832917705735662,
        "Recall@5": "nan"
    }
}