{
    "PgExplainer": {
        "ROC-AUC": [
            0.18386108273748722,
            0.21961184882533197,
            0.25842696629213485,
            0.3503575076608784,
            0.4198161389172625,
            0.5168539325842697,
            0.6802860061287027,
            0.8355464759959143,
            0.9591419816138917,
            1.0
        ],
        "ACC-AUC": 0.5423901940755874,
        "Recall@5": "nan"
    }
}