{
    "PgExplainer": {
        "ROC-AUC": [
            0.571072319201995,
            0.5810473815461347,
            0.6059850374064838,
            0.6433915211970075,
            0.6508728179551122,
            0.6483790523690773,
            0.6982543640897756,
            0.7780548628428927,
            0.8503740648379052,
            1.0
        ],
        "ACC-AUC": 0.7027431421446384,
        "Recall@5": "nan"
    }
}