{
    "PgExplainer": {
        "ROC-AUC": [
            0.18998978549540346,
            0.21961184882533197,
            0.25944841675178754,
            0.35137895812053116,
            0.42390194075587334,
            0.5209397344228804,
            0.6782431052093973,
            0.8375893769152196,
            0.9550561797752809,
            1.0
        ],
        "ACC-AUC": 0.5436159346271705,
        "Recall@5": "nan"
    }
}