{
    "PgExplainer": {
        "ROC-AUC": [
            0.571072319201995,
            0.5685785536159601,
            0.6034912718204489,
            0.6209476309226932,
            0.6433915211970075,
            0.6159600997506235,
            0.6483790523690773,
            0.7182044887780549,
            0.8129675810473815,
            1.0
        ],
        "ACC-AUC": 0.6802992518703241,
        "Recall@5": "nan"
    }
}