{
    "ReFine": {
        "R-0.10": {
            "ROC-AUC": [
                0.30982367758186397,
                0.30982367758186397,
                0.327455919395466,
                0.3929471032745592,
                0.491183879093199,
                0.7783375314861462,
                0.8916876574307305,
                0.9722921914357683,
                0.9949622166246851,
                0.9974811083123426
            ],
            "ACC-AUC": 0.6465994962216625
        },
        "R-0.20": {
            "ROC-AUC": [
                0.30982367758186397,
                0.30730478589420657,
                0.327455919395466,
                0.4005037783375315,
                0.5088161209068011,
                0.7556675062972292,
                0.8841309823677582,
                0.964735516372796,
                0.9974811083123426,
                1.0
            ],
            "ACC-AUC": 0.6455919395465995
        },
        "R-0.30": {
            "ROC-AUC": [
                0.30730478589420657,
                0.30982367758186397,
                0.327455919395466,
                0.3879093198992443,
                0.48866498740554154,
                0.743073047858942,
                0.8690176322418136,
                0.964735516372796,
                0.9949622166246851,
                0.9924433249370277
            ],
            "ACC-AUC": 0.6385390428211586
        },
        "R-0.40": {
            "ROC-AUC": [
                0.30982367758186397,
                0.30730478589420657,
                0.3249370277078086,
                0.4005037783375315,
                0.47858942065491183,
                0.743073047858942,
                0.8765743073047859,
                0.9722921914357683,
                0.9949622166246851,
                0.9974811083123426
            ],
            "ACC-AUC": 0.6405541561712846
        },
        "R-0.50": {
            "ROC-AUC": [
                0.30730478589420657,
                0.30730478589420657,
                0.3350125944584383,
                0.40302267002518893,
                0.49370277078085645,
                0.7556675062972292,
                0.8866498740554156,
                0.9773299748110831,
                0.9949622166246851,
                0.9949622166246851
            ],
            "ACC-AUC": 0.6455919395465995
        },
        "R-0.60": {
            "ROC-AUC": [
                0.30730478589420657,
                0.30730478589420657,
                0.33249370277078083,
                0.40302267002518893,
                0.5188916876574308,
                0.7783375314861462,
                0.8765743073047859,
                0.9521410579345088,
                0.9899244332493703,
                0.9974811083123426
            ],
            "ACC-AUC": 0.6463476070528966
        },
        "R-0.70": {
            "ROC-AUC": [
                0.3123425692695214,
                0.30730478589420657,
                0.327455919395466,
                0.3979848866498741,
                0.5113350125944585,
                0.7556675062972292,
                0.8690176322418136,
                0.9697732997481109,
                0.9924433249370277,
                0.9974811083123426
            ],
            "ACC-AUC": 0.6440806045340051
        },
        "R-0.80": {
            "ROC-AUC": [
                0.30730478589420657,
                0.30730478589420657,
                0.3249370277078086,
                0.40554156171284633,
                0.5113350125944585,
                0.760705289672544,
                0.8816120906801007,
                0.9622166246851386,
                0.9949622166246851,
                1.0
            ],
            "ACC-AUC": 0.6455919395465995
        },
        "R-0.90": {
            "ROC-AUC": [
                0.30730478589420657,
                0.30982367758186397,
                0.3198992443324937,
                0.3929471032745592,
                0.5037783375314862,
                0.7758186397984886,
                0.8639798488664987,
                0.9672544080604534,
                0.9899244332493703,
                0.9974811083123426
            ],
            "ACC-AUC": 0.6428211586901763
        },
        "R-1.00": {
            "ROC-AUC": [
                0.30982367758186397,
                0.30730478589420657,
                0.33249370277078083,
                0.3853904282115869,
                0.5088161209068011,
                0.760705289672544,
                0.8765743073047859,
                0.964735516372796,
                0.9874055415617129,
                0.9974811083123426
            ],
            "ACC-AUC": 0.643073047858942
        },
        "ROC-AUC": [
            0.30982367758186397,
            0.30730478589420657,
            0.327455919395466,
            0.4005037783375315,
            0.49370277078085645,
            0.7783375314861462,
            0.8690176322418136,
            0.9622166246851386,
            0.9899244332493703,
            0.9974811083123426
        ],
        "ACC-AUC": 0.6435768261964736
    }
}