{
    "ReFine": {
        "R-0.10": {
            "ROC-AUC": [
                0.30730478589420657,
                0.30730478589420657,
                0.327455919395466,
                0.4080604534005038,
                0.48614609571788414,
                0.7455919395465995,
                0.871536523929471,
                0.9773299748110831,
                0.9949622166246851,
                0.9924433249370277
            ],
            "ACC-AUC": 0.6418136020151135
        },
        "R-0.20": {
            "ROC-AUC": [
                0.3047858942065491,
                0.30982367758186397,
                0.33249370277078083,
                0.37279596977329976,
                0.49622166246851385,
                0.7153652392947103,
                0.8740554156171285,
                0.9748110831234257,
                0.9924433249370277,
                0.9974811083123426
            ],
            "ACC-AUC": 0.6370277078085642
        },
        "R-0.30": {
            "ROC-AUC": [
                0.30730478589420657,
                0.3123425692695214,
                0.32997481108312343,
                0.40554156171284633,
                0.4634760705289673,
                0.7279596977329975,
                0.8765743073047859,
                0.9773299748110831,
                0.9974811083123426,
                0.9974811083123426
            ],
            "ACC-AUC": 0.6395465994962217
        },
        "R-0.40": {
            "ROC-AUC": [
                0.3022670025188917,
                0.30982367758186397,
                0.31738035264483627,
                0.38287153652392947,
                0.4836272040302267,
                0.7153652392947103,
                0.9093198992443325,
                0.9672544080604534,
                0.9924433249370277,
                0.9974811083123426
            ],
            "ACC-AUC": 0.6377833753148614
        },
        "R-0.50": {
            "ROC-AUC": [
                0.3022670025188917,
                0.30730478589420657,
                0.3249370277078086,
                0.3879093198992443,
                0.4836272040302267,
                0.7304785894206549,
                0.8589420654911839,
                0.9798488664987406,
                0.9924433249370277,
                1.0
            ],
            "ACC-AUC": 0.6367758186397985
        },
        "R-0.60": {
            "ROC-AUC": [
                0.30730478589420657,
                0.3022670025188917,
                0.3224181360201511,
                0.3929471032745592,
                0.5062972292191436,
                0.7052896725440806,
                0.9093198992443325,
                0.9748110831234257,
                0.9949622166246851,
                0.9974811083123426
            ],
            "ACC-AUC": 0.6413098236775819
        },
        "R-0.70": {
            "ROC-AUC": [
                0.3047858942065491,
                0.30730478589420657,
                0.3148614609571788,
                0.38287153652392947,
                0.491183879093199,
                0.7153652392947103,
                0.871536523929471,
                0.982367758186398,
                0.9974811083123426,
                0.9974811083123426
            ],
            "ACC-AUC": 0.6365239294710328
        },
        "R-0.80": {
            "ROC-AUC": [
                0.3047858942065491,
                0.3047858942065491,
                0.327455919395466,
                0.3853904282115869,
                0.5188916876574308,
                0.7329974811083123,
                0.8639798488664987,
                0.9773299748110831,
                0.9924433249370277,
                1.0
            ],
            "ACC-AUC": 0.6408060453400504
        },
        "R-0.90": {
            "ROC-AUC": [
                0.30730478589420657,
                0.30730478589420657,
                0.32997481108312343,
                0.4005037783375315,
                0.48866498740554154,
                0.7279596977329975,
                0.8790931989924433,
                0.9798488664987406,
                0.9974811083123426,
                0.9924433249370277
            ],
            "ACC-AUC": 0.6410579345088161
        },
        "R-1.00": {
            "ROC-AUC": [
                0.3022670025188917,
                0.30982367758186397,
                0.3148614609571788,
                0.37279596977329976,
                0.45843828715365237,
                0.72544080604534,
                0.8690176322418136,
                0.982367758186398,
                0.9899244332493703,
                1.0
            ],
            "ACC-AUC": 0.6324937027707808
        },
        "ROC-AUC": [
            0.30730478589420657,
            0.30982367758186397,
            0.32997481108312343,
            0.38287153652392947,
            0.4836272040302267,
            0.7052896725440806,
            0.871536523929471,
            0.9773299748110831,
            0.9974811083123426,
            1.0
        ],
        "ACC-AUC": 0.6365239294710328
    }
}